{
  "Name": "Template Name",
  "Description": "HealthClinic.biz is a fictitious regular doctor practice specialized in offering healthcare preventive care. This clinic is using different Microsoft and multi-channel apps built with Visual Studio 2015 to grow their business and modernize their customer experience. They also innovate and offer multiple apps and services-including websites, mobile apps, and wearable apps-to empower their patient's well-being with easy access to manage their healthcare data and stay healthy. ",
  "Teams": "Teams.json",
  "SourceCode": "ImportSourceCode.json",
  "CreateService": "CreateServiceEndPoint.json",
  "BoardColumns": "BoardColumns.json",
  "ProjectSettings": "ProjectSettings.json",
  "CardStyle": "UpdateCardStyles.json",
  "CardField": "UpdateCardFields.json",
  "PBIfromTemplate": "PBIfromTemplate.json",
  "BugfromTemplate": "BugfromTemplate.json",
  "EpicfromTemplate": "EpicfromTemplate.json",
  "TaskfromTemplate": "TaskfromTemplate.json",
  "TestCasefromTemplate": "TestCasefromTemplate.json",
  "FeaturefromTemplate": "FeaturefromTemplate.json",
  "UserStoriesFromTemplate": "",
  "SetEpic": "EnableEpic.json",
  "BoardRows": "",
  "Widget": "WidgetQuery.json",
  "Chart": "WidgetChart.json"
 
}