{
  "dashboard": {
    "eTag": "$eTag$"
  },
  "name": "Unfinished Work",
  "position": {
    "row": "4",
    "column": "5"
  },
  "size": {
    "rowSpan": 1,
    "columnSpan": 1
  },
  "settings": "{\"defaultBackgroundColor\":\"#009ccc\",\"queryId\":\"$QueryId$\",\"queryName\":\"Unfinished Work\",\"colorRules\":[],\"lastArtifactName\":\"Unfinished Work\"}",
  "settingsVersion": {
    "major": 1,
    "minor": 0,
    "patch": 0
  },
  "contributionId": "ms.vss-dashboards-web.Microsoft.VisualStudioOnline.Dashboards.QueryScalarWidget"
}