<?xml version="1.0"?>
<doc>
    <assembly>
        <name>Microsoft.VisualStudio.Services.ExtensionManagement.WebApi</name>
    </assembly>
    <members>
        <member name="T:Microsoft.VisualStudio.Services.ExtensionManagement.WebApi.AcquisitionOptions">
            <summary>
            Market item acquisition options (install, buy, etc) for an installation target.
            </summary>
        </member>
        <member name="P:Microsoft.VisualStudio.Services.ExtensionManagement.WebApi.AcquisitionOptions.ItemId">
            <summary>
            The item id that this options refer to
            </summary>
        </member>
        <member name="P:Microsoft.VisualStudio.Services.ExtensionManagement.WebApi.AcquisitionOptions.Target">
            <summary>
            The target that this options refer to
            </summary>
        </member>
        <member name="P:Microsoft.VisualStudio.Services.ExtensionManagement.WebApi.AcquisitionOptions.Operations">
            <summary>
            Operations allowed for the ItemId in this target
            </summary>
        </member>
        <member name="P:Microsoft.VisualStudio.Services.ExtensionManagement.WebApi.AcquisitionOptions.DefaultOperation">
            <summary>
            Default Operation for the ItemId in this target
            </summary>
        </member>
        <member name="T:Microsoft.VisualStudio.Services.ExtensionManagement.WebApi.AcquisitionOperationType">
            <summary>
            Set of different types of operations that can be requested.
            </summary>
        </member>
        <member name="F:Microsoft.VisualStudio.Services.ExtensionManagement.WebApi.AcquisitionOperationType.Get">
            <summary>
            Not yet used
            </summary>
        </member>
        <member name="F:Microsoft.VisualStudio.Services.ExtensionManagement.WebApi.AcquisitionOperationType.Install">
            <summary>
            Install this extension into the host provided
            </summary>
        </member>
        <member name="F:Microsoft.VisualStudio.Services.ExtensionManagement.WebApi.AcquisitionOperationType.Buy">
            <summary>
            Buy licenses for this extension and install into the host provided
            </summary>
        </member>
        <member name="F:Microsoft.VisualStudio.Services.ExtensionManagement.WebApi.AcquisitionOperationType.Try">
            <summary>
            Not yet used
            </summary>
        </member>
        <member name="F:Microsoft.VisualStudio.Services.ExtensionManagement.WebApi.AcquisitionOperationType.Request">
            <summary>
            Not yet used
            </summary>
        </member>
        <member name="F:Microsoft.VisualStudio.Services.ExtensionManagement.WebApi.AcquisitionOperationType.None">
            <summary>
            No action found
            </summary>
        </member>
        <member name="F:Microsoft.VisualStudio.Services.ExtensionManagement.WebApi.AcquisitionOperationState.Disallow">
            <summary>
            Not allowed to use this AcquisitionOperation
            </summary>
        </member>
        <member name="F:Microsoft.VisualStudio.Services.ExtensionManagement.WebApi.AcquisitionOperationState.Allow">
            <summary>
            Allowed to use this AcquisitionOperation
            </summary>
        </member>
        <member name="F:Microsoft.VisualStudio.Services.ExtensionManagement.WebApi.AcquisitionOperationState.Completed">
            <summary>
            Operation has already been completed and is no longer available
            </summary>
        </member>
        <member name="P:Microsoft.VisualStudio.Services.ExtensionManagement.WebApi.AcquisitionOperation.OperationType">
            <summary>
            AcquisitionOperationType: install, request, buy, etc...
            </summary>
        </member>
        <member name="P:Microsoft.VisualStudio.Services.ExtensionManagement.WebApi.AcquisitionOperation.OperationState">
            <summary>
            State of the the AcquisitionOperation for the current user
            </summary>
        </member>
        <member name="P:Microsoft.VisualStudio.Services.ExtensionManagement.WebApi.AcquisitionOperation.Reason">
            <summary>
            Optional reason to justify current state. Typically used with Disallow state.
            </summary>
        </member>
        <member name="P:Microsoft.VisualStudio.Services.ExtensionManagement.WebApi.AcquisitionOperation.Reasons">
            <summary>
            List of reasons indicating why the operation is not allowed.
            </summary>
        </member>
        <member name="P:Microsoft.VisualStudio.Services.ExtensionManagement.WebApi.AcquisitionOperationDisallowReason.Type">
            <summary>
            Type of reason for disallowance - AlreadyInstalled, UnresolvedDemand, etc.
            </summary>
        </member>
        <member name="P:Microsoft.VisualStudio.Services.ExtensionManagement.WebApi.AcquisitionOperationDisallowReason.Message">
            <summary>
            User-friendly message clarifying the reason for disallowance
            </summary>
        </member>
        <member name="T:Microsoft.VisualStudio.Services.ExtensionManagement.WebApi.AcquisitionRequest.AcquisitionAssignmentType">
            <summary>
            How the acquisition is assigned
            </summary>
        </member>
        <member name="F:Microsoft.VisualStudio.Services.ExtensionManagement.WebApi.AcquisitionRequest.AcquisitionAssignmentType.None">
            <summary>
            
            </summary>
        </member>
        <member name="F:Microsoft.VisualStudio.Services.ExtensionManagement.WebApi.AcquisitionRequest.AcquisitionAssignmentType.Me">
            <summary>
            Just assign for me
            </summary>
        </member>
        <member name="F:Microsoft.VisualStudio.Services.ExtensionManagement.WebApi.AcquisitionRequest.AcquisitionAssignmentType.All">
            <summary>
            Assign for all users in the account
            </summary>
        </member>
        <member name="T:Microsoft.VisualStudio.Services.ExtensionManagement.WebApi.AcquisitionRequest.ExtensionAcquisitionRequest">
            <summary>
            Contract for handling the extension acquisition process
            </summary>
        </member>
        <member name="P:Microsoft.VisualStudio.Services.ExtensionManagement.WebApi.AcquisitionRequest.ExtensionAcquisitionRequest.ItemId">
            <summary>
            The marketplace id (publisherName.extensionName) for the item
            </summary>
        </member>
        <member name="P:Microsoft.VisualStudio.Services.ExtensionManagement.WebApi.AcquisitionRequest.ExtensionAcquisitionRequest.OperationType">
            <summary>
            The type of operation, such as install, request, purchase
            </summary>
        </member>
        <member name="P:Microsoft.VisualStudio.Services.ExtensionManagement.WebApi.AcquisitionRequest.ExtensionAcquisitionRequest.BillingId">
            <summary>
            The id of the subscription used for purchase
            </summary>
        </member>
        <member name="P:Microsoft.VisualStudio.Services.ExtensionManagement.WebApi.AcquisitionRequest.ExtensionAcquisitionRequest.Quantity">
            <summary>
            How many licenses should be purchased
            </summary>
        </member>
        <member name="P:Microsoft.VisualStudio.Services.ExtensionManagement.WebApi.AcquisitionRequest.ExtensionAcquisitionRequest.AssignmentType">
            <summary>
            How the item is being assigned
            </summary>
        </member>
        <member name="P:Microsoft.VisualStudio.Services.ExtensionManagement.WebApi.AcquisitionRequest.ExtensionAcquisitionRequest.Properties">
            <summary>
            Additional properties which can be added to the request.
            </summary>
        </member>
        <member name="T:Microsoft.VisualStudio.Services.ExtensionManagement.WebApi.ContributionBase">
            <summary>
            Base class shared by contributions and contribution types
            </summary>
        </member>
        <member name="P:Microsoft.VisualStudio.Services.ExtensionManagement.WebApi.ContributionBase.Id">
            <summary>
            Fully qualified identifier of the contribution/type
            </summary>
        </member>
        <member name="P:Microsoft.VisualStudio.Services.ExtensionManagement.WebApi.ContributionBase.Description">
            <summary>
            Description of the contribution/type
            </summary>
        </member>
        <member name="P:Microsoft.VisualStudio.Services.ExtensionManagement.WebApi.ContributionBase.VisibleTo">
            <summary>
            VisibleTo can be used to restrict whom can reference a given contribution/type.
            This value should be a list of publishers or extensions access is restricted too.
            
            Examples:
                "ms" - Means only the "ms" publisher can reference this.
                "ms.vss-web" - Means only the "vss-web" extension from the "ms" publisher can reference this.
            </summary>
        </member>
        <member name="M:Microsoft.VisualStudio.Services.ExtensionManagement.WebApi.ContributionBase.GetHashCode">
            <summary>
            Retrieve the hashCode for the ContributionBase
            </summary>
            <returns></returns>
        </member>
        <member name="T:Microsoft.VisualStudio.Services.ExtensionManagement.WebApi.ContributionType">
            <summary>
            A contribution type, given by a json schema
            </summary>
        </member>
        <member name="P:Microsoft.VisualStudio.Services.ExtensionManagement.WebApi.ContributionType.Name">
            <summary>
            Friendly name of the contribution/type
            </summary>
        </member>
        <member name="P:Microsoft.VisualStudio.Services.ExtensionManagement.WebApi.ContributionType.Indexed">
            <summary>
            Controls whether or not contributions of this type have the type 
            indexed for queries. This allows clients to find all extensions 
            that have a contribution of this type. 
            
            NOTE: Only TrustedPartners are allowed to specify indexed 
            contribution types.
            </summary>
        </member>
        <member name="P:Microsoft.VisualStudio.Services.ExtensionManagement.WebApi.ContributionType.Properties">
            <summary>
            Describes the allowed properties for this contribution type
            </summary>
        </member>
        <member name="M:Microsoft.VisualStudio.Services.ExtensionManagement.WebApi.ContributionType.GetHashCode">
            <summary>
            
            </summary>
            <returns></returns>
        </member>
        <member name="T:Microsoft.VisualStudio.Services.ExtensionManagement.WebApi.ContributionPropertyDescription">
            <summary>
            Description about a property of a contribution type
            </summary>
        </member>
        <member name="P:Microsoft.VisualStudio.Services.ExtensionManagement.WebApi.ContributionPropertyDescription.Name">
            <summary>
            Name of the property
            </summary>
        </member>
        <member name="P:Microsoft.VisualStudio.Services.ExtensionManagement.WebApi.ContributionPropertyDescription.Description">
            <summary>
            Description of the property
            </summary>
        </member>
        <member name="P:Microsoft.VisualStudio.Services.ExtensionManagement.WebApi.ContributionPropertyDescription.Required">
            <summary>
            True if this property is required
            </summary>
        </member>
        <member name="P:Microsoft.VisualStudio.Services.ExtensionManagement.WebApi.ContributionPropertyDescription.Type">
            <summary>
            The type of value used for this property
            </summary>
        </member>
        <member name="M:Microsoft.VisualStudio.Services.ExtensionManagement.WebApi.ContributionPropertyDescription.GetHashCode">
            <summary>
            
            </summary>
            <returns></returns>
        </member>
        <member name="T:Microsoft.VisualStudio.Services.ExtensionManagement.WebApi.ContributionPropertyType">
            <summary>
            The type of value used for a property
            </summary>
        </member>
        <member name="F:Microsoft.VisualStudio.Services.ExtensionManagement.WebApi.ContributionPropertyType.Unknown">
            <summary>
            Contribution type is unknown (value may be anything)
            </summary>
        </member>
        <member name="F:Microsoft.VisualStudio.Services.ExtensionManagement.WebApi.ContributionPropertyType.String">
            <summary>
            Value is a string
            </summary>
        </member>
        <member name="F:Microsoft.VisualStudio.Services.ExtensionManagement.WebApi.ContributionPropertyType.Uri">
            <summary>
            Value is a Uri
            </summary>
        </member>
        <member name="F:Microsoft.VisualStudio.Services.ExtensionManagement.WebApi.ContributionPropertyType.Guid">
            <summary>
            Value is a GUID
            </summary>
        </member>
        <member name="F:Microsoft.VisualStudio.Services.ExtensionManagement.WebApi.ContributionPropertyType.Boolean">
            <summary>
            Value is True or False
            </summary>
        </member>
        <member name="F:Microsoft.VisualStudio.Services.ExtensionManagement.WebApi.ContributionPropertyType.Integer">
            <summary>
            Value is an integer
            </summary>
        </member>
        <member name="F:Microsoft.VisualStudio.Services.ExtensionManagement.WebApi.ContributionPropertyType.Double">
            <summary>
            Value is a double
            </summary>
        </member>
        <member name="F:Microsoft.VisualStudio.Services.ExtensionManagement.WebApi.ContributionPropertyType.DateTime">
            <summary>
            Value is a DateTime object
            </summary>
        </member>
        <member name="F:Microsoft.VisualStudio.Services.ExtensionManagement.WebApi.ContributionPropertyType.Dictionary">
            <summary>
            Value is a generic Dictionary/JObject/property bag
            </summary>
        </member>
        <member name="F:Microsoft.VisualStudio.Services.ExtensionManagement.WebApi.ContributionPropertyType.Array">
            <summary>
            Value is an array
            </summary>
        </member>
        <member name="F:Microsoft.VisualStudio.Services.ExtensionManagement.WebApi.ContributionPropertyType.Object">
            <summary>
            Value is an arbitrary/custom object
            </summary>
        </member>
        <member name="T:Microsoft.VisualStudio.Services.ExtensionManagement.WebApi.Contribution">
            <summary>
            An individual contribution made by an extension
            </summary>
        </member>
        <member name="P:Microsoft.VisualStudio.Services.ExtensionManagement.WebApi.Contribution.Type">
            <summary>
            Id of the Contribution Type
            </summary>
        </member>
        <member name="P:Microsoft.VisualStudio.Services.ExtensionManagement.WebApi.Contribution.Targets">
            <summary>
            The ids of the contribution(s) that this contribution targets. (parent contributions)
            </summary>
        </member>
        <member name="P:Microsoft.VisualStudio.Services.ExtensionManagement.WebApi.Contribution.Properties">
            <summary>
            Properties/attributes of this contribution
            </summary>
        </member>
        <member name="P:Microsoft.VisualStudio.Services.ExtensionManagement.WebApi.Contribution.Constraints">
            <summary>
            List of constraints (filters) that should be applied to the availability of this contribution
            </summary>
        </member>
        <member name="P:Microsoft.VisualStudio.Services.ExtensionManagement.WebApi.Contribution.Includes">
            <summary>
            Includes is a set of contributions that should have this contribution included
            in their targets list.
            </summary>
        </member>
        <member name="M:Microsoft.VisualStudio.Services.ExtensionManagement.WebApi.Contribution.GetHashCode">
            <summary>
            
            </summary>
            <returns></returns>
        </member>
        <member name="T:Microsoft.VisualStudio.Services.ExtensionManagement.WebApi.ContributionConstraint">
            <summary>
            Specifies a constraint that can be used to dynamically include/exclude a given contribution
            </summary>
        </member>
        <member name="P:Microsoft.VisualStudio.Services.ExtensionManagement.WebApi.ContributionConstraint.Name">
            <summary>
            Name of the IContributionFilter class
            </summary>
        </member>
        <member name="P:Microsoft.VisualStudio.Services.ExtensionManagement.WebApi.ContributionConstraint.Properties">
            <summary>
            Properties that are fed to the contribution filter class
            </summary>
        </member>
        <member name="P:Microsoft.VisualStudio.Services.ExtensionManagement.WebApi.ContributionConstraint.Inverse">
            <summary>
            If true, negate the result of the filter (include the contribution if the applied filter returns false instead of true)
            </summary>
        </member>
        <member name="P:Microsoft.VisualStudio.Services.ExtensionManagement.WebApi.ContributionConstraint.Group">
            <summary>
            An optional property that can be specified to group constraints together. All constraints within
            a group are AND'd together (all must be evaluate to True in order for the contribution to be included).
            Different groups of constraints are OR'd (only one group needs to evaluate to True for the contribution to be included).
            </summary>
        </member>
        <member name="P:Microsoft.VisualStudio.Services.ExtensionManagement.WebApi.ContributionConstraint.Relationships">
            <summary>
            Constraints can be optionally be applied to one or more of the relationships defined in the 
            contribution. If no relationships are defined then all relationships are associated with
            the constraint. This means the default behaviour will elimiate the contribution from
            the tree completely if the constraint is applied.
            </summary>
        </member>
        <member name="M:Microsoft.VisualStudio.Services.ExtensionManagement.WebApi.ContributionConstraint.GetHashCode">
            <summary>
            
            </summary>
            <returns></returns>
        </member>
        <member name="T:Microsoft.VisualStudio.Services.ExtensionManagement.WebApi.ContributionProviderDetails">
            <summary>
            
            </summary>
        </member>
        <member name="P:Microsoft.VisualStudio.Services.ExtensionManagement.WebApi.ContributionProviderDetails.Name">
            <summary>
            Unique identifier for this provider. The provider name can be used to
            cache the contribution data and refer back to it when looking for changes
            </summary>
        </member>
        <member name="P:Microsoft.VisualStudio.Services.ExtensionManagement.WebApi.ContributionProviderDetails.DisplayName">
            <summary>
            Friendly name for the provider.
            </summary>
        </member>
        <member name="P:Microsoft.VisualStudio.Services.ExtensionManagement.WebApi.ContributionProviderDetails.Version">
            <summary>
            Version of contributions assoicated with this contribution provider.
            </summary>
        </member>
        <member name="P:Microsoft.VisualStudio.Services.ExtensionManagement.WebApi.ContributionProviderDetails.Properties">
            <summary>
            Properties associated with the provider
            </summary>
        </member>
        <member name="T:Microsoft.VisualStudio.Services.ExtensionManagement.WebApi.RestrictedProperty">
            <summary>
            Contribution providers MAY have this set of restricted property that describes 
            some of the basic principles about how the services should treat the 
            contributions produced from this provider.
            
            These are restricted properties and can only be supplied by a trusted actor. 
            </summary>
        </member>
        <member name="T:Microsoft.VisualStudio.Services.ExtensionManagement.WebApi.ContributionIdentifier">
            <summary>
            
            </summary>
        </member>
        <member name="M:Microsoft.VisualStudio.Services.ExtensionManagement.WebApi.ContributionIdentifier.#ctor(System.String)">
            <summary>
            
            </summary>
            <param name="contributionId"></param>
        </member>
        <member name="P:Microsoft.VisualStudio.Services.ExtensionManagement.WebApi.ContributionIdentifier.PublisherName">
            <summary>
            
            </summary>
        </member>
        <member name="P:Microsoft.VisualStudio.Services.ExtensionManagement.WebApi.ContributionIdentifier.ExtensionName">
            <summary>
            
            </summary>
        </member>
        <member name="P:Microsoft.VisualStudio.Services.ExtensionManagement.WebApi.ContributionIdentifier.RelativeId">
            <summary>
            
            </summary>
        </member>
        <member name="M:Microsoft.VisualStudio.Services.ExtensionManagement.WebApi.ContributionIdentifier.ToString">
            <summary>
            
            </summary>
            <returns></returns>
        </member>
        <member name="M:Microsoft.VisualStudio.Services.ExtensionManagement.WebApi.ContributionIdentifier.TryParse(System.String,Microsoft.VisualStudio.Services.ExtensionManagement.WebApi.ContributionIdentifier@)">
            <summary>
            Try parse an identifier into a ContributionIdentifier.
            </summary>
            <param name="identifier"></param>
            <param name="contributionIdentifier"></param>
            <returns></returns>
        </member>
        <member name="T:Microsoft.VisualStudio.Services.ExtensionManagement.WebApi.ContributionMethods">
            <summary>
            Methods to help work with Contributions
            </summary>
        </member>
        <member name="M:Microsoft.VisualStudio.Services.ExtensionManagement.WebApi.ContributionMethods.GetProperty``1(Microsoft.VisualStudio.Services.ExtensionManagement.WebApi.Contribution,System.String,``0,System.Boolean)">
            <summary>
            Get a property value for the given contribution
            </summary>
            <typeparam name="T">Type of property value</typeparam>
            <param name="contribution">Contribution to retrieve the property from</param>
            <param name="propertyName">Name of the property; can be a JToken selector such as "foo[0].bar"</param>
            <param name="defaultValue">Default value to return if the property is not found/valid</param>
            <param name="ignoreInvalidTypeError">Unless true, throw if the property exists but cannot be parsed as the given type</param>
            <returns></returns>
        </member>
        <member name="M:Microsoft.VisualStudio.Services.ExtensionManagement.WebApi.ContributionMethods.GetPropertyRawValue(Microsoft.VisualStudio.Services.ExtensionManagement.WebApi.Contribution,System.String)">
            <summary>
            Gets the value of a property in its raw form - with values converted from JObject/JToken into strings, numbers, arrays, dictionaries.
            </summary>
            <param name="contribution"></param>
            <param name="propertyName"></param>
            <returns></returns>
        </member>
        <member name="M:Microsoft.VisualStudio.Services.ExtensionManagement.WebApi.ContributionMethods.JTokenToObject(Newtonsoft.Json.Linq.JToken)">
            <summary>
            Converts a JToken to an object, converting basic value types and Objects as dictionaries.
            </summary>
            <param name="token"></param>
            <returns></returns>
        </member>
        <member name="M:Microsoft.VisualStudio.Services.ExtensionManagement.WebApi.ContributionMethods.GetReferenceLinks(Microsoft.VisualStudio.Services.ExtensionManagement.WebApi.Contribution,System.String)">
            <summary>
            Convert the specified contribution property to a ReferenceLinks object
            </summary>
            <param name="contribution"></param>
            <param name="propertyName"></param>
            <returns></returns>
        </member>
        <member name="M:Microsoft.VisualStudio.Services.ExtensionManagement.WebApi.ContributionMethods.IsOfType(Microsoft.VisualStudio.Services.ExtensionManagement.WebApi.Contribution,System.String)">
            <summary>
            Is the contribution's type the specified contribution type
            </summary>
            <param name="contribution">Contribution to check</param>
            <param name="contributionTypeId">The full id of the contribution type to check for</param>
            <returns></returns>
        </member>
        <member name="M:Microsoft.VisualStudio.Services.ExtensionManagement.WebApi.ContributionMethods.IsTargeting(Microsoft.VisualStudio.Services.ExtensionManagement.WebApi.Contribution,System.String)">
            <summary>
            Is the contribution targeting the specified contribution id
            </summary>
            <param name="contribution">Contribution to check</param>
            <param name="contributionTypeId">The full id of the contribution to check for</param>
            <returns></returns>
        </member>
        <member name="T:Microsoft.VisualStudio.Services.ExtensionManagement.WebApi.ExtensionTemplateContextItemNames">
            <summary>
            Mustache items names available in replacement oject while resolving a mustache template
            </summary>
        </member>
        <member name="T:Microsoft.VisualStudio.Services.ExtensionManagement.WebApi.ContributionQueryOptions">
            <summary>
            Options that control the contributions to include in a query
            </summary>
        </member>
        <member name="F:Microsoft.VisualStudio.Services.ExtensionManagement.WebApi.ContributionQueryOptions.IncludeSelf">
            <summary>
            Include the direct contributions that have the ids queried.
            </summary>
        </member>
        <member name="F:Microsoft.VisualStudio.Services.ExtensionManagement.WebApi.ContributionQueryOptions.IncludeChildren">
            <summary>
            Include the contributions that directly target the contributions queried.
            </summary>
        </member>
        <member name="F:Microsoft.VisualStudio.Services.ExtensionManagement.WebApi.ContributionQueryOptions.IncludeSubTree">
            <summary>
            Include the contributions from the entire sub-tree targetting the contributions queried.
            </summary>
        </member>
        <member name="F:Microsoft.VisualStudio.Services.ExtensionManagement.WebApi.ContributionQueryOptions.IncludeAll">
            <summary>
            Include the contribution being queried as well as all contributions that target them recursively.
            </summary>
        </member>
        <member name="F:Microsoft.VisualStudio.Services.ExtensionManagement.WebApi.ContributionQueryOptions.IgnoreConstraints">
            <summary>
            Some callers may want the entire tree back without constraint evaluation being
            performed.
            </summary>
        </member>
        <member name="T:Microsoft.VisualStudio.Services.ExtensionManagement.WebApi.ContributionNodeQuery">
            <summary>
            A query that can be issued for contribution nodes
            </summary>
        </member>
        <member name="P:Microsoft.VisualStudio.Services.ExtensionManagement.WebApi.ContributionNodeQuery.QueryOptions">
            <summary>
            Query options tpo be used when fetching ContributionNodes
            </summary>
        </member>
        <member name="P:Microsoft.VisualStudio.Services.ExtensionManagement.WebApi.ContributionNodeQuery.ContributionIds">
            <summary>
            The contribution ids of the nodes to find.
            </summary>
        </member>
        <member name="P:Microsoft.VisualStudio.Services.ExtensionManagement.WebApi.ContributionNodeQuery.IncludeProviderDetails">
            <summary>
            Indicator if contribution provider details should be included in the result.
            </summary>
        </member>
        <member name="T:Microsoft.VisualStudio.Services.ExtensionManagement.WebApi.ContributionNodeQueryResult">
            <summary>
            Result of a contribution node query.  Wraps the resulting contribution nodes and provider details.
            </summary>
        </member>
        <member name="P:Microsoft.VisualStudio.Services.ExtensionManagement.WebApi.ContributionNodeQueryResult.Nodes">
            <summary>
            Map of contribution ids to corresponding node.
            </summary>
        </member>
        <member name="P:Microsoft.VisualStudio.Services.ExtensionManagement.WebApi.ContributionNodeQueryResult.ProviderDetails">
            <summary>
            Map of provder ids to the corresponding provider details object.
            </summary>
        </member>
        <member name="T:Microsoft.VisualStudio.Services.ExtensionManagement.WebApi.ExtensionFlags">
            <summary>
            Set of flags applied to extensions that are relevant to contribution consumers
            </summary>
        </member>
        <member name="F:Microsoft.VisualStudio.Services.ExtensionManagement.WebApi.ExtensionFlags.BuiltIn">
            <summary>
            A built-in extension is installed for all VSTS accounts by default
            </summary>
        </member>
        <member name="F:Microsoft.VisualStudio.Services.ExtensionManagement.WebApi.ExtensionFlags.Trusted">
            <summary>
            The extension comes from a fully-trusted publisher
            </summary>
        </member>
        <member name="T:Microsoft.VisualStudio.Services.ExtensionManagement.WebApi.ExtensionLicensing">
            <summary>
            How an extension should handle including contributions based on licensing
            </summary>
        </member>
        <member name="P:Microsoft.VisualStudio.Services.ExtensionManagement.WebApi.ExtensionLicensing.Overrides">
            <summary>
            A list of contributions which deviate from the default licensing behavior
            </summary>
        </member>
        <member name="T:Microsoft.VisualStudio.Services.ExtensionManagement.WebApi.LicensingOverride">
            <summary>
            Maps a contribution to a licensing behavior
            </summary>
        </member>
        <member name="P:Microsoft.VisualStudio.Services.ExtensionManagement.WebApi.LicensingOverride.Id">
            <summary>
            Fully qualified contribution id which we want to define licensing behavior for
            </summary>
        </member>
        <member name="P:Microsoft.VisualStudio.Services.ExtensionManagement.WebApi.LicensingOverride.Behavior">
            <summary>
            How the inclusion of this contribution should change based on licensing
            </summary>
        </member>
        <member name="T:Microsoft.VisualStudio.Services.ExtensionManagement.WebApi.ContributionLicensingBehaviorType">
            <summary>
            Represents different ways of including contributions based on licensing
            </summary>
        </member>
        <member name="F:Microsoft.VisualStudio.Services.ExtensionManagement.WebApi.ContributionLicensingBehaviorType.OnlyIfLicensed">
            <summary>
            Default value - only include the contribution if the user is licensed for the extension
            </summary>
        </member>
        <member name="F:Microsoft.VisualStudio.Services.ExtensionManagement.WebApi.ContributionLicensingBehaviorType.OnlyIfUnlicensed">
            <summary>
            Only include the contribution if the user is NOT licensed for the extension
            </summary>
        </member>
        <member name="F:Microsoft.VisualStudio.Services.ExtensionManagement.WebApi.ContributionLicensingBehaviorType.AlwaysInclude">
            <summary>
            Always include the contribution regardless of whether or not the user is licensed for the extension
            </summary>
        </member>
        <member name="T:Microsoft.VisualStudio.Services.ExtensionManagement.WebApi.ExtensionEventCallback">
            <summary>
            Base class for an event callback for an extension
            </summary>
        </member>
        <member name="P:Microsoft.VisualStudio.Services.ExtensionManagement.WebApi.ExtensionEventCallback.Uri">
            <summary>
            The uri of the endpoint that is hit when an event occurs
            </summary>
        </member>
        <member name="T:Microsoft.VisualStudio.Services.ExtensionManagement.WebApi.ExtensionEventCallbackCollection">
            <summary>
            Collection of event callbacks - endpoints called when particular extension events occur.
            </summary>
        </member>
        <member name="P:Microsoft.VisualStudio.Services.ExtensionManagement.WebApi.ExtensionEventCallbackCollection.VersionCheck">
            <summary>
            For multi-version extensions, defines an endpoint that gets called via an OPTIONS request to
            determine the particular version of the extension to be used
            </summary>
        </member>
        <member name="P:Microsoft.VisualStudio.Services.ExtensionManagement.WebApi.ExtensionEventCallbackCollection.PreInstall">
            <summary>
            Optional.  Defines an endpoint that gets called via a POST reqeust to notify that an
            extension install is about to occur.  Response indicates whether to proceed or abort.
            </summary>
        </member>
        <member name="P:Microsoft.VisualStudio.Services.ExtensionManagement.WebApi.ExtensionEventCallbackCollection.PostInstall">
            <summary>
            Optional.  Defines an endpoint that gets called via a POST reqeust to notify that an
            extension install has completed.
            </summary>
        </member>
        <member name="P:Microsoft.VisualStudio.Services.ExtensionManagement.WebApi.ExtensionEventCallbackCollection.PostUninstall">
            <summary>
            Optional.  Defines an endpoint that gets called via a POST reqeust to notify that an
            extension uninstall has occurred.
            </summary>
        </member>
        <member name="P:Microsoft.VisualStudio.Services.ExtensionManagement.WebApi.ExtensionEventCallbackCollection.PostEnable">
            <summary>
            Optional.  Defines an endpoint that gets called via a POST reqeust to notify that an
            extension enable has occurred.
            </summary>
        </member>
        <member name="P:Microsoft.VisualStudio.Services.ExtensionManagement.WebApi.ExtensionEventCallbackCollection.PostDisable">
            <summary>
            Optional.  Defines an endpoint that gets called via a POST reqeust to notify that an
            extension disable has occurred.
            </summary>
        </member>
        <member name="P:Microsoft.VisualStudio.Services.ExtensionManagement.WebApi.ExtensionEventCallbackCollection.PostUpdate">
            <summary>
            Optional.  Defines an endpoint that gets called via a POST reqeust to notify that an
            extension update has occurred.
            </summary>
        </member>
        <member name="T:Microsoft.VisualStudio.Services.ExtensionManagement.WebApi.ExtensionManifest">
            <summary>
            Base class for extension properties which are shared by the extension manifest and the extension model
            </summary>
        </member>
        <member name="P:Microsoft.VisualStudio.Services.ExtensionManagement.WebApi.ExtensionManifest.Language">
            <summary>
            Language Culture Name set by the Gallery
            </summary>
        </member>
        <member name="P:Microsoft.VisualStudio.Services.ExtensionManagement.WebApi.ExtensionManifest.ManifestVersion">
            <summary>
            Version of the extension manifest format/content
            </summary>
        </member>
        <member name="P:Microsoft.VisualStudio.Services.ExtensionManagement.WebApi.ExtensionManifest.BaseUri">
            <summary>
            Uri used as base for other relative uri's defined in extension
            </summary>
        </member>
        <member name="P:Microsoft.VisualStudio.Services.ExtensionManagement.WebApi.ExtensionManifest.FallbackBaseUri">
            <summary>
            Secondary location that can be used as base for other relative uri's defined in extension
            </summary>
        </member>
        <member name="P:Microsoft.VisualStudio.Services.ExtensionManagement.WebApi.ExtensionManifest.EventCallbacks">
            <summary>
            Collection of endpoints that get called when particular extension events occur
            </summary>
        </member>
        <member name="P:Microsoft.VisualStudio.Services.ExtensionManagement.WebApi.ExtensionManifest.Scopes">
            <summary>
            List of all oauth scopes required by this extension
            </summary>
        </member>
        <member name="P:Microsoft.VisualStudio.Services.ExtensionManagement.WebApi.ExtensionManifest.Contributions">
            <summary>
            List of contributions made by this extension
            </summary>
        </member>
        <member name="P:Microsoft.VisualStudio.Services.ExtensionManagement.WebApi.ExtensionManifest.ContributionTypes">
            <summary>
            List of contribution types defined by this extension
            </summary>
        </member>
        <member name="P:Microsoft.VisualStudio.Services.ExtensionManagement.WebApi.ExtensionManifest.ServiceInstanceType">
            <summary>
            The ServiceInstanceType(Guid) of the VSTS service that must be available to an account in order for the extension to be installed
            </summary>
        </member>
        <member name="P:Microsoft.VisualStudio.Services.ExtensionManagement.WebApi.ExtensionManifest.Demands">
            <summary>
            List of explicit demands required by this extension
            </summary>
        </member>
        <member name="P:Microsoft.VisualStudio.Services.ExtensionManagement.WebApi.ExtensionManifest.Licensing">
            <summary>
            How this extension behaves with respect to licensing
            </summary>
        </member>
        <member name="M:Microsoft.VisualStudio.Services.ExtensionManagement.WebApi.ExtensionManifestMethods.ObjectToJToken(System.Object)">
            <summary>
            Convert an object to a JObject, using VSSF serialization settings.
            </summary>
            <param name="objectToConvert"></param>
            <returns></returns>
        </member>
        <member name="T:Microsoft.VisualStudio.Services.ExtensionManagement.WebApi.ExtensionAuditLog">
            <summary>
            Audit log for an extension
            </summary>
        </member>
        <member name="P:Microsoft.VisualStudio.Services.ExtensionManagement.WebApi.ExtensionAuditLog.PublisherName">
            <summary>
            Publisher that the extension is part of
            </summary>
        </member>
        <member name="P:Microsoft.VisualStudio.Services.ExtensionManagement.WebApi.ExtensionAuditLog.ExtensionName">
            <summary>
            Extension that the change was made for
            </summary>
        </member>
        <member name="P:Microsoft.VisualStudio.Services.ExtensionManagement.WebApi.ExtensionAuditLog.Entries">
            <summary>
            Collection of audit log entries
            </summary>
        </member>
        <member name="T:Microsoft.VisualStudio.Services.ExtensionManagement.WebApi.ExtensionAuditAction">
            <summary>
            Represents the state of an extension request
            </summary>
        </member>
        <member name="T:Microsoft.VisualStudio.Services.ExtensionManagement.WebApi.ExtensionAuditLogEntry">
            <summary>
            An audit log entry for an extension
            </summary>
        </member>
        <member name="P:Microsoft.VisualStudio.Services.ExtensionManagement.WebApi.ExtensionAuditLogEntry.UpdatedBy">
            <summary>
            Represents the user who made the change
            </summary>
        </member>
        <member name="P:Microsoft.VisualStudio.Services.ExtensionManagement.WebApi.ExtensionAuditLogEntry.AuditAction">
            <summary>
            Change that was made to extension
            </summary>
        </member>
        <member name="P:Microsoft.VisualStudio.Services.ExtensionManagement.WebApi.ExtensionAuditLogEntry.Comment">
            <summary>
            Extra information about the change
            </summary>
        </member>
        <member name="P:Microsoft.VisualStudio.Services.ExtensionManagement.WebApi.ExtensionAuditLogEntry.AuditDate">
            <summary>
            Date at which the change was made
            </summary>
        </member>
        <member name="T:Microsoft.VisualStudio.Services.ExtensionManagement.WebApi.DataProviderQuery">
            <summary>
            A query that can be issued for data provider data
            </summary>
        </member>
        <member name="P:Microsoft.VisualStudio.Services.ExtensionManagement.WebApi.DataProviderQuery.ContributionIds">
            <summary>
            The contribution ids of the data providers to resolve
            </summary>
        </member>
        <member name="P:Microsoft.VisualStudio.Services.ExtensionManagement.WebApi.DataProviderQuery.Context">
            <summary>
            Contextual information to pass to the data providers
            </summary>
        </member>
        <member name="T:Microsoft.VisualStudio.Services.ExtensionManagement.WebApi.DataProviderContext">
            <summary>
            Contextual information that data providers can examine when populating their data
            </summary>
        </member>
        <member name="P:Microsoft.VisualStudio.Services.ExtensionManagement.WebApi.DataProviderContext.Properties">
            <summary>
            Generic property bag that contains context-specific properties that data providers can use when populating their data dictionary
            </summary>
        </member>
        <member name="T:Microsoft.VisualStudio.Services.ExtensionManagement.WebApi.DataProviderResult">
            <summary>
            Result structure from calls to GetDataProviderData
            </summary>
        </member>
        <member name="P:Microsoft.VisualStudio.Services.ExtensionManagement.WebApi.DataProviderResult.Data">
            <summary>
            Property bag of data keyed off of the data provider contribution id
            </summary>
        </member>
        <member name="P:Microsoft.VisualStudio.Services.ExtensionManagement.WebApi.DataProviderResult.ResolvedProviders">
            <summary>
            List of data providers resolved in the data-provider query
            </summary>
        </member>
        <member name="T:Microsoft.VisualStudio.Services.ExtensionManagement.WebApi.ResolvedDataProvider">
            <summary>
            Entry for a specific data provider's resulting data
            </summary>
        </member>
        <member name="P:Microsoft.VisualStudio.Services.ExtensionManagement.WebApi.ResolvedDataProvider.Duration">
            <summary>
            The total time the data provider took to resolve its data (in milliseconds)
            </summary>
        </member>
        <member name="T:Microsoft.VisualStudio.Services.ExtensionManagement.WebApi.ExtensionDataCollection">
            <summary>
            Represents a single collection for extension data documents
            </summary>
        </member>
        <member name="P:Microsoft.VisualStudio.Services.ExtensionManagement.WebApi.ExtensionDataCollection.CollectionName">
            <summary>
            The name of the collection
            </summary>
        </member>
        <member name="P:Microsoft.VisualStudio.Services.ExtensionManagement.WebApi.ExtensionDataCollection.ScopeType">
            <summary>
            The type of the collection's scope, such as Default or User
            </summary>
        </member>
        <member name="P:Microsoft.VisualStudio.Services.ExtensionManagement.WebApi.ExtensionDataCollection.ScopeValue">
            <summary>
            The value of the collection's scope, such as Current or Me
            </summary>
        </member>
        <member name="P:Microsoft.VisualStudio.Services.ExtensionManagement.WebApi.ExtensionDataCollection.Documents">
            <summary>
            A list of documents belonging to the collection
            </summary>
        </member>
        <member name="T:Microsoft.VisualStudio.Services.ExtensionManagement.WebApi.ExtensionDataCollectionQuery">
            <summary>
            Represents a query to receive a set of extension data collections
            </summary>
        </member>
        <member name="P:Microsoft.VisualStudio.Services.ExtensionManagement.WebApi.ExtensionDataCollectionQuery.Collections">
            <summary>
            A list of collections to query
            </summary>
        </member>
        <member name="T:Microsoft.VisualStudio.Services.ExtensionManagement.WebApi.ExtensionRequest">
            <summary>
            A request for an extension (to be installed or have a license assigned)
            </summary>
        </member>
        <member name="P:Microsoft.VisualStudio.Services.ExtensionManagement.WebApi.ExtensionRequest.RequestedBy">
            <summary>
            Represents the user who made the request
            </summary>
        </member>
        <member name="P:Microsoft.VisualStudio.Services.ExtensionManagement.WebApi.ExtensionRequest.ResolvedBy">
            <summary>
            Represents the user who resolved the request
            </summary>
        </member>
        <member name="P:Microsoft.VisualStudio.Services.ExtensionManagement.WebApi.ExtensionRequest.RequestMessage">
            <summary>
            Optional message supplied by the requester justifying the request
            </summary>
        </member>
        <member name="P:Microsoft.VisualStudio.Services.ExtensionManagement.WebApi.ExtensionRequest.RejectMessage">
            <summary>
            Required message supplied if the request is rejected
            </summary>
        </member>
        <member name="P:Microsoft.VisualStudio.Services.ExtensionManagement.WebApi.ExtensionRequest.RequestDate">
            <summary>
            Date at which the request was made
            </summary>
        </member>
        <member name="P:Microsoft.VisualStudio.Services.ExtensionManagement.WebApi.ExtensionRequest.ResolveDate">
            <summary>
            Date at which the request was resolved
            </summary>
        </member>
        <member name="P:Microsoft.VisualStudio.Services.ExtensionManagement.WebApi.ExtensionRequest.RequestState">
            <summary>
            Represents the state of the request
            </summary>
        </member>
        <member name="T:Microsoft.VisualStudio.Services.ExtensionManagement.WebApi.ExtensionRequestState">
            <summary>
            Represents the state of an extension request
            </summary>
        </member>
        <member name="F:Microsoft.VisualStudio.Services.ExtensionManagement.WebApi.ExtensionRequestState.Open">
            <summary>
            The request has been opened, but not yet responded to
            </summary>
        </member>
        <member name="F:Microsoft.VisualStudio.Services.ExtensionManagement.WebApi.ExtensionRequestState.Accepted">
            <summary>
            The request was accepted (extension installed or license assigned)
            </summary>
        </member>
        <member name="F:Microsoft.VisualStudio.Services.ExtensionManagement.WebApi.ExtensionRequestState.Rejected">
            <summary>
            The request was rejected (extension not installed or license not assigned)
            </summary>
        </member>
        <member name="T:Microsoft.VisualStudio.Services.ExtensionManagement.WebApi.ExtensionState">
            <summary>
            The state of an extension
            </summary>
        </member>
        <member name="P:Microsoft.VisualStudio.Services.ExtensionManagement.WebApi.ExtensionState.LastVersionCheck">
            <summary>
            The time at which the version was last checked
            </summary>
        </member>
        <member name="T:Microsoft.VisualStudio.Services.ExtensionManagement.WebApi.ExtensionStateFlags">
            <summary>
            States of an extension
            Note:  If you add value to this enum, you need to do 2 other things.  First add the back compat enum in
            value src\Vssf\Sdk\Server\Contributions\InstalledExtensionMessage.cs.  Second, you can not send the new value on the
            message bus.  You need to remove it from the message bus event prior to being sent.
            </summary>
        </member>
        <member name="F:Microsoft.VisualStudio.Services.ExtensionManagement.WebApi.ExtensionStateFlags.None">
            <summary>
            No flags set
            </summary>
        </member>
        <member name="F:Microsoft.VisualStudio.Services.ExtensionManagement.WebApi.ExtensionStateFlags.Disabled">
            <summary>
            Extension is disabled
            </summary>
        </member>
        <member name="F:Microsoft.VisualStudio.Services.ExtensionManagement.WebApi.ExtensionStateFlags.BuiltIn">
            <summary>
            Extension is a built in
            </summary>
        </member>
        <member name="F:Microsoft.VisualStudio.Services.ExtensionManagement.WebApi.ExtensionStateFlags.MultiVersion">
            <summary>
            Extension has multiple versions
            </summary>
        </member>
        <member name="F:Microsoft.VisualStudio.Services.ExtensionManagement.WebApi.ExtensionStateFlags.UnInstalled">
            <summary>
            Extension is not installed.  This is for builtin extensions only and can not otherwise be set.
            </summary>
        </member>
        <member name="F:Microsoft.VisualStudio.Services.ExtensionManagement.WebApi.ExtensionStateFlags.VersionCheckError">
            <summary>
            Error performing version check
            </summary>
        </member>
        <member name="F:Microsoft.VisualStudio.Services.ExtensionManagement.WebApi.ExtensionStateFlags.Trusted">
            <summary>
            Trusted extensions are ones that are given special capabilities. These
            tend to come from Microsoft and can't be published by the general
            public. 
            
            Note: BuiltIn extensions are always trusted.
            </summary>
        </member>
        <member name="F:Microsoft.VisualStudio.Services.ExtensionManagement.WebApi.ExtensionStateFlags.Error">
            <summary>
            Extension is currently in an error state
            </summary>
        </member>
        <member name="F:Microsoft.VisualStudio.Services.ExtensionManagement.WebApi.ExtensionStateFlags.NeedsReauthorization">
            <summary>
            Extension scopes have changed and the extension requires re-authorization
            </summary>
        </member>
        <member name="F:Microsoft.VisualStudio.Services.ExtensionManagement.WebApi.ExtensionStateFlags.AutoUpgradeError">
            <summary>
            Error performing auto-upgrade. For example, if the new version has demands not supported 
            the extension cannot be auto-upgraded.
            </summary>
        </member>
        <member name="F:Microsoft.VisualStudio.Services.ExtensionManagement.WebApi.ExtensionStateFlags.Warning">
            <summary>
            Extension is currently in a warning state, that can cause a degraded experience. 
            The degraded experience can be caused for example by some installation issues detected
            such as implicit demands not supported.
            </summary>
        </member>
        <member name="T:Microsoft.VisualStudio.Services.ExtensionManagement.WebApi.ExtensionUtil">
            <summary>
            
            </summary>
        </member>
        <member name="M:Microsoft.VisualStudio.Services.ExtensionManagement.WebApi.ExtensionUtil.GetExtensionProperties(Microsoft.VisualStudio.Services.Gallery.WebApi.PublishedExtensionFlags)">
            <summary>
            
            </summary>
            <param name="extensionFlags"></param>
            <returns></returns>
        </member>
        <member name="M:Microsoft.VisualStudio.Services.ExtensionManagement.WebApi.ExtensionUtil.LoadManifest(System.String,System.String,System.String,System.IO.Stream,System.Collections.Generic.IDictionary{System.String,System.Object})">
            <summary>
            Given a serialized manifest stream this method will deserialize the manifest
            and fill in all the run time properties of the contributions
            
            Contributions that are deserialized from an ExtensionManfiest don't have all
            their properties setup and need to be fixed before the manifest can be used.
            
            This includes things like:
                Ensureing Id's are fully qualified
                Filtering out supplied resrticted properties from each contribution
                Adding any extra properties to each contribution
                etc.
            </summary>
            <param name="publisherName"></param>
            <param name="extensionName"></param>
            <param name="version"></param>
            <param name="manifestStream"></param>
            <param name="extraProperties"></param>
            <returns></returns>
        </member>
        <member name="M:Microsoft.VisualStudio.Services.ExtensionManagement.WebApi.ExtensionUtil.FullyQualifyContributionIds(System.Collections.Generic.List{System.String},System.String)">
            <summary>
            
            </summary>
            <param name="list"></param>
            <param name="extensionIdentifier"></param>
        </member>
        <member name="M:Microsoft.VisualStudio.Services.ExtensionManagement.WebApi.ExtensionUtil.GetFullyQualifiedReference(System.String,System.String,System.Boolean)">
            <summary>
            
            </summary>
            <param name="extensionIdentifier"></param>
            <param name="contributionId"></param>
            <param name="supportsExternalReference"></param>
            <returns></returns>
        </member>
        <member name="M:Microsoft.VisualStudio.Services.ExtensionManagement.WebApi.ContributionsHttpClient.QueryContributionNodesAsync(Microsoft.VisualStudio.Services.ExtensionManagement.WebApi.ContributionNodeQuery,System.Object,System.Threading.CancellationToken)">
            <summary>
            [Preview API] Query for contribution nodes and provider details according the parameters in the passed in query object.
            </summary>
            <param name="query"></param>
            <param name="userState"></param>
            <param name="cancellationToken">The cancellation token to cancel operation.</param>
        </member>
        <member name="M:Microsoft.VisualStudio.Services.ExtensionManagement.WebApi.ContributionsHttpClient.QueryDataProvidersAsync(Microsoft.VisualStudio.Services.ExtensionManagement.WebApi.DataProviderQuery,System.Object,System.Threading.CancellationToken)">
            <summary>
            [Preview API]
            </summary>
            <param name="query"></param>
            <param name="userState"></param>
            <param name="cancellationToken">The cancellation token to cancel operation.</param>
        </member>
        <member name="M:Microsoft.VisualStudio.Services.ExtensionManagement.WebApi.ContributionsHttpClient.GetInstalledExtensionsAsync(System.Collections.Generic.IEnumerable{System.String},System.Nullable{System.Boolean},System.Collections.Generic.IEnumerable{System.String},System.Object,System.Threading.CancellationToken)">
            <summary>
            [Preview API]
            </summary>
            <param name="contributionIds"></param>
            <param name="includeDisabledApps"></param>
            <param name="assetTypes"></param>
            <param name="userState"></param>
            <param name="cancellationToken">The cancellation token to cancel operation.</param>
        </member>
        <member name="M:Microsoft.VisualStudio.Services.ExtensionManagement.WebApi.ContributionsHttpClient.GetInstalledExtensionByNameAsync(System.String,System.String,System.Collections.Generic.IEnumerable{System.String},System.Object,System.Threading.CancellationToken)">
            <summary>
            [Preview API]
            </summary>
            <param name="publisherName"></param>
            <param name="extensionName"></param>
            <param name="assetTypes"></param>
            <param name="userState"></param>
            <param name="cancellationToken">The cancellation token to cancel operation.</param>
        </member>
        <member name="M:Microsoft.VisualStudio.Services.ExtensionManagement.WebApi.ExtensionManagementHttpClient.GetAcquisitionOptionsAsync(System.String,System.Nullable{System.Boolean},System.Nullable{System.Boolean},System.Object,System.Threading.CancellationToken)">
            <summary>
            [Preview API]
            </summary>
            <param name="itemId"></param>
            <param name="testCommerce"></param>
            <param name="isFreeOrTrialInstall"></param>
            <param name="userState"></param>
            <param name="cancellationToken">The cancellation token to cancel operation.</param>
        </member>
        <member name="M:Microsoft.VisualStudio.Services.ExtensionManagement.WebApi.ExtensionManagementHttpClient.RequestAcquisitionAsync(Microsoft.VisualStudio.Services.ExtensionManagement.WebApi.AcquisitionRequest.ExtensionAcquisitionRequest,System.Object,System.Threading.CancellationToken)">
            <summary>
            [Preview API]
            </summary>
            <param name="acquisitionRequest"></param>
            <param name="userState"></param>
            <param name="cancellationToken">The cancellation token to cancel operation.</param>
        </member>
        <member name="M:Microsoft.VisualStudio.Services.ExtensionManagement.WebApi.ExtensionManagementHttpClient.RegisterAuthorizationAsync(System.String,System.String,System.Guid,System.Object,System.Threading.CancellationToken)">
            <summary>
            [Preview API]
            </summary>
            <param name="publisherName"></param>
            <param name="extensionName"></param>
            <param name="registrationId"></param>
            <param name="userState"></param>
            <param name="cancellationToken">The cancellation token to cancel operation.</param>
        </member>
        <member name="M:Microsoft.VisualStudio.Services.ExtensionManagement.WebApi.ExtensionManagementHttpClient.CreateDocumentByNameAsync(Newtonsoft.Json.Linq.JObject,System.String,System.String,System.String,System.String,System.String,System.Object,System.Threading.CancellationToken)">
            <summary>
            [Preview API]
            </summary>
            <param name="doc"></param>
            <param name="publisherName"></param>
            <param name="extensionName"></param>
            <param name="scopeType"></param>
            <param name="scopeValue"></param>
            <param name="collectionName"></param>
            <param name="userState"></param>
            <param name="cancellationToken">The cancellation token to cancel operation.</param>
        </member>
        <member name="M:Microsoft.VisualStudio.Services.ExtensionManagement.WebApi.ExtensionManagementHttpClient.DeleteDocumentByNameAsync(System.String,System.String,System.String,System.String,System.String,System.String,System.Object,System.Threading.CancellationToken)">
            <summary>
            [Preview API]
            </summary>
            <param name="publisherName"></param>
            <param name="extensionName"></param>
            <param name="scopeType"></param>
            <param name="scopeValue"></param>
            <param name="collectionName"></param>
            <param name="documentId"></param>
            <param name="userState"></param>
            <param name="cancellationToken">The cancellation token to cancel operation.</param>
        </member>
        <member name="M:Microsoft.VisualStudio.Services.ExtensionManagement.WebApi.ExtensionManagementHttpClient.GetDocumentByNameAsync(System.String,System.String,System.String,System.String,System.String,System.String,System.Object,System.Threading.CancellationToken)">
            <summary>
            [Preview API]
            </summary>
            <param name="publisherName"></param>
            <param name="extensionName"></param>
            <param name="scopeType"></param>
            <param name="scopeValue"></param>
            <param name="collectionName"></param>
            <param name="documentId"></param>
            <param name="userState"></param>
            <param name="cancellationToken">The cancellation token to cancel operation.</param>
        </member>
        <member name="M:Microsoft.VisualStudio.Services.ExtensionManagement.WebApi.ExtensionManagementHttpClient.GetDocumentsByNameAsync(System.String,System.String,System.String,System.String,System.String,System.Object,System.Threading.CancellationToken)">
            <summary>
            [Preview API]
            </summary>
            <param name="publisherName"></param>
            <param name="extensionName"></param>
            <param name="scopeType"></param>
            <param name="scopeValue"></param>
            <param name="collectionName"></param>
            <param name="userState"></param>
            <param name="cancellationToken">The cancellation token to cancel operation.</param>
        </member>
        <member name="M:Microsoft.VisualStudio.Services.ExtensionManagement.WebApi.ExtensionManagementHttpClient.SetDocumentByNameAsync(Newtonsoft.Json.Linq.JObject,System.String,System.String,System.String,System.String,System.String,System.Object,System.Threading.CancellationToken)">
            <summary>
            [Preview API]
            </summary>
            <param name="doc"></param>
            <param name="publisherName"></param>
            <param name="extensionName"></param>
            <param name="scopeType"></param>
            <param name="scopeValue"></param>
            <param name="collectionName"></param>
            <param name="userState"></param>
            <param name="cancellationToken">The cancellation token to cancel operation.</param>
        </member>
        <member name="M:Microsoft.VisualStudio.Services.ExtensionManagement.WebApi.ExtensionManagementHttpClient.UpdateDocumentByNameAsync(Newtonsoft.Json.Linq.JObject,System.String,System.String,System.String,System.String,System.String,System.Object,System.Threading.CancellationToken)">
            <summary>
            [Preview API]
            </summary>
            <param name="doc"></param>
            <param name="publisherName"></param>
            <param name="extensionName"></param>
            <param name="scopeType"></param>
            <param name="scopeValue"></param>
            <param name="collectionName"></param>
            <param name="userState"></param>
            <param name="cancellationToken">The cancellation token to cancel operation.</param>
        </member>
        <member name="M:Microsoft.VisualStudio.Services.ExtensionManagement.WebApi.ExtensionManagementHttpClient.QueryCollectionsByNameAsync(Microsoft.VisualStudio.Services.ExtensionManagement.WebApi.ExtensionDataCollectionQuery,System.String,System.String,System.Object,System.Threading.CancellationToken)">
            <summary>
            [Preview API]
            </summary>
            <param name="collectionQuery"></param>
            <param name="publisherName"></param>
            <param name="extensionName"></param>
            <param name="userState"></param>
            <param name="cancellationToken">The cancellation token to cancel operation.</param>
        </member>
        <member name="M:Microsoft.VisualStudio.Services.ExtensionManagement.WebApi.ExtensionManagementHttpClient.GetStatesAsync(System.Nullable{System.Boolean},System.Nullable{System.Boolean},System.Nullable{System.Boolean},System.Object,System.Threading.CancellationToken)">
            <summary>
            [Preview API]
            </summary>
            <param name="includeDisabled"></param>
            <param name="includeErrors"></param>
            <param name="includeInstallationIssues"></param>
            <param name="userState"></param>
            <param name="cancellationToken">The cancellation token to cancel operation.</param>
        </member>
        <member name="M:Microsoft.VisualStudio.Services.ExtensionManagement.WebApi.ExtensionManagementHttpClient.QueryExtensionsAsync(Microsoft.VisualStudio.Services.ExtensionManagement.WebApi.InstalledExtensionQuery,System.Object,System.Threading.CancellationToken)">
            <summary>
            [Preview API]
            </summary>
            <param name="query"></param>
            <param name="userState"></param>
            <param name="cancellationToken">The cancellation token to cancel operation.</param>
        </member>
        <member name="M:Microsoft.VisualStudio.Services.ExtensionManagement.WebApi.ExtensionManagementHttpClient.GetInstalledExtensionsAsync(System.Nullable{System.Boolean},System.Nullable{System.Boolean},System.Collections.Generic.IEnumerable{System.String},System.Nullable{System.Boolean},System.Object,System.Threading.CancellationToken)">
            <summary>
            [Preview API]
            </summary>
            <param name="includeDisabledExtensions"></param>
            <param name="includeErrors"></param>
            <param name="assetTypes"></param>
            <param name="includeInstallationIssues"></param>
            <param name="userState"></param>
            <param name="cancellationToken">The cancellation token to cancel operation.</param>
        </member>
        <member name="M:Microsoft.VisualStudio.Services.ExtensionManagement.WebApi.ExtensionManagementHttpClient.UpdateInstalledExtensionAsync(Microsoft.VisualStudio.Services.ExtensionManagement.WebApi.InstalledExtension,System.Object,System.Threading.CancellationToken)">
            <summary>
            [Preview API]
            </summary>
            <param name="extension"></param>
            <param name="userState"></param>
            <param name="cancellationToken">The cancellation token to cancel operation.</param>
        </member>
        <member name="M:Microsoft.VisualStudio.Services.ExtensionManagement.WebApi.ExtensionManagementHttpClient.GetInstalledExtensionByNameAsync(System.String,System.String,System.Collections.Generic.IEnumerable{System.String},System.Object,System.Threading.CancellationToken)">
            <summary>
            [Preview API]
            </summary>
            <param name="publisherName"></param>
            <param name="extensionName"></param>
            <param name="assetTypes"></param>
            <param name="userState"></param>
            <param name="cancellationToken">The cancellation token to cancel operation.</param>
        </member>
        <member name="M:Microsoft.VisualStudio.Services.ExtensionManagement.WebApi.ExtensionManagementHttpClient.InstallExtensionByNameAsync(System.String,System.String,System.String,System.Object,System.Threading.CancellationToken)">
            <summary>
            [Preview API]
            </summary>
            <param name="publisherName"></param>
            <param name="extensionName"></param>
            <param name="version"></param>
            <param name="userState"></param>
            <param name="cancellationToken">The cancellation token to cancel operation.</param>
        </member>
        <member name="M:Microsoft.VisualStudio.Services.ExtensionManagement.WebApi.ExtensionManagementHttpClient.UninstallExtensionByNameAsync(System.String,System.String,System.String,System.String,System.Object,System.Threading.CancellationToken)">
            <summary>
            [Preview API]
            </summary>
            <param name="publisherName"></param>
            <param name="extensionName"></param>
            <param name="reason"></param>
            <param name="reasonCode"></param>
            <param name="userState"></param>
            <param name="cancellationToken">The cancellation token to cancel operation.</param>
        </member>
        <member name="M:Microsoft.VisualStudio.Services.ExtensionManagement.WebApi.ExtensionManagementHttpClient.GetPoliciesAsync(System.String,System.Object,System.Threading.CancellationToken)">
            <summary>
            [Preview API]
            </summary>
            <param name="userId"></param>
            <param name="userState"></param>
            <param name="cancellationToken">The cancellation token to cancel operation.</param>
        </member>
        <member name="M:Microsoft.VisualStudio.Services.ExtensionManagement.WebApi.ExtensionManagementHttpClient.ResolveRequestAsync(System.String,System.String,System.String,System.String,Microsoft.VisualStudio.Services.ExtensionManagement.WebApi.ExtensionRequestState,System.Object,System.Threading.CancellationToken)">
            <summary>
            [Preview API]
            </summary>
            <param name="rejectMessage"></param>
            <param name="publisherName"></param>
            <param name="extensionName"></param>
            <param name="requesterId"></param>
            <param name="state"></param>
            <param name="userState"></param>
            <param name="cancellationToken">The cancellation token to cancel operation.</param>
        </member>
        <member name="M:Microsoft.VisualStudio.Services.ExtensionManagement.WebApi.ExtensionManagementHttpClient.GetRequestsAsync(System.Object,System.Threading.CancellationToken)">
            <summary>
            [Preview API]
            </summary>
            <param name="userState"></param>
            <param name="cancellationToken">The cancellation token to cancel operation.</param>
        </member>
        <member name="M:Microsoft.VisualStudio.Services.ExtensionManagement.WebApi.ExtensionManagementHttpClient.ResolveAllRequestsAsync(System.String,System.String,System.String,Microsoft.VisualStudio.Services.ExtensionManagement.WebApi.ExtensionRequestState,System.Object,System.Threading.CancellationToken)">
            <summary>
            [Preview API]
            </summary>
            <param name="rejectMessage"></param>
            <param name="publisherName"></param>
            <param name="extensionName"></param>
            <param name="state"></param>
            <param name="userState"></param>
            <param name="cancellationToken">The cancellation token to cancel operation.</param>
        </member>
        <member name="M:Microsoft.VisualStudio.Services.ExtensionManagement.WebApi.ExtensionManagementHttpClient.DeleteRequestAsync(System.String,System.String,System.Object,System.Threading.CancellationToken)">
            <summary>
            [Preview API]
            </summary>
            <param name="publisherName"></param>
            <param name="extensionName"></param>
            <param name="userState"></param>
            <param name="cancellationToken">The cancellation token to cancel operation.</param>
        </member>
        <member name="M:Microsoft.VisualStudio.Services.ExtensionManagement.WebApi.ExtensionManagementHttpClient.RequestExtensionAsync(System.String,System.String,System.String,System.Object,System.Threading.CancellationToken)">
            <summary>
            [Preview API]
            </summary>
            <param name="publisherName"></param>
            <param name="extensionName"></param>
            <param name="requestMessage"></param>
            <param name="userState"></param>
            <param name="cancellationToken">The cancellation token to cancel operation.</param>
        </member>
        <member name="M:Microsoft.VisualStudio.Services.ExtensionManagement.WebApi.ExtensionManagementHttpClient.GetTokenAsync(System.Object,System.Threading.CancellationToken)">
            <summary>
            [Preview API]
            </summary>
            <param name="userState"></param>
            <param name="cancellationToken">The cancellation token to cancel operation.</param>
        </member>
        <member name="T:Microsoft.VisualStudio.Services.ExtensionManagement.WebApi.InstalledExtension">
            <summary>
            Represents a VSTS extension along with its installation state
            </summary>
        </member>
        <member name="P:Microsoft.VisualStudio.Services.ExtensionManagement.WebApi.InstalledExtension.ExtensionName">
            <summary>
            The friendly extension id for this extension - unique for a given publisher.
            </summary>
        </member>
        <member name="P:Microsoft.VisualStudio.Services.ExtensionManagement.WebApi.InstalledExtension.ExtensionDisplayName">
            <summary>
            The display name of the extension.
            </summary>
        </member>
        <member name="P:Microsoft.VisualStudio.Services.ExtensionManagement.WebApi.InstalledExtension.PublisherName">
            <summary>
            Unique id of the publisher of this extension
            </summary>
        </member>
        <member name="P:Microsoft.VisualStudio.Services.ExtensionManagement.WebApi.InstalledExtension.PublisherDisplayName">
            <summary>
            The display name of the publisher
            </summary>
        </member>
        <member name="P:Microsoft.VisualStudio.Services.ExtensionManagement.WebApi.InstalledExtension.Version">
            <summary>
            Version of this extension
            </summary>
        </member>
        <member name="P:Microsoft.VisualStudio.Services.ExtensionManagement.WebApi.InstalledExtension.Flags">
            <summary>
            Extension flags relevant to contribution consumers
            </summary>
        </member>
        <member name="P:Microsoft.VisualStudio.Services.ExtensionManagement.WebApi.InstalledExtension.RegistrationId">
            <summary>
            Unique id for this extension (the same id is used for all versions of a single extension)
            </summary>
        </member>
        <member name="P:Microsoft.VisualStudio.Services.ExtensionManagement.WebApi.InstalledExtension.InstallState">
            <summary>
            Information about this particular installation of the extension
            </summary>
        </member>
        <member name="P:Microsoft.VisualStudio.Services.ExtensionManagement.WebApi.InstalledExtension.LastPublished">
            <summary>
            This represents the date/time the extensions was last updated in the gallery.
            This doesnt mean this version was updated the value represents changes to any
            and all versions of the extension.
            </summary>
        </member>
        <member name="P:Microsoft.VisualStudio.Services.ExtensionManagement.WebApi.InstalledExtension.Files">
            <summary>
            This is the set of files available from the extension.
            </summary>
        </member>
        <member name="T:Microsoft.VisualStudio.Services.ExtensionManagement.WebApi.InstalledExtensionState">
            <summary>
            The state of an installed extension
            </summary>
        </member>
        <member name="P:Microsoft.VisualStudio.Services.ExtensionManagement.WebApi.InstalledExtensionState.Flags">
            <summary>
            States of an installed extension
            </summary>
        </member>
        <member name="P:Microsoft.VisualStudio.Services.ExtensionManagement.WebApi.InstalledExtensionState.LastUpdated">
            <summary>
            The time at which this installation was last updated
            </summary>
        </member>
        <member name="P:Microsoft.VisualStudio.Services.ExtensionManagement.WebApi.InstalledExtensionState.InstallationIssues">
            <summary>
            List of installation issues
            </summary>
        </member>
        <member name="T:Microsoft.VisualStudio.Services.ExtensionManagement.WebApi.InstalledExtensionStateIssueType">
            <summary>
            Installation issue type (Warning, Error)
            </summary>
        </member>
        <member name="F:Microsoft.VisualStudio.Services.ExtensionManagement.WebApi.InstalledExtensionStateIssueType.Warning">
            <summary>
            Represents an installation warning, for example an implicit demand not supported
            </summary>
        </member>
        <member name="F:Microsoft.VisualStudio.Services.ExtensionManagement.WebApi.InstalledExtensionStateIssueType.Error">
            <summary>
            Represents an installation error, for example an explicit demand not supported
            </summary>
        </member>
        <member name="T:Microsoft.VisualStudio.Services.ExtensionManagement.WebApi.InstalledExtensionStateIssue">
            <summary>
            Represents an installation issue
            </summary>
        </member>
        <member name="P:Microsoft.VisualStudio.Services.ExtensionManagement.WebApi.InstalledExtensionStateIssue.Type">
            <summary>
            Installation issue type (Warning, Error)
            </summary>
        </member>
        <member name="P:Microsoft.VisualStudio.Services.ExtensionManagement.WebApi.InstalledExtensionStateIssue.Source">
            <summary>
            Source of the installation issue, for example  "Demands"
            </summary>
        </member>
        <member name="P:Microsoft.VisualStudio.Services.ExtensionManagement.WebApi.InstalledExtensionStateIssue.Message">
            <summary>
            The error message
            </summary>
        </member>
        <member name="T:Microsoft.VisualStudio.Services.ExtensionManagement.WebApi.RequestedExtension">
            <summary>
            A request for an extension (to be installed or have a license assigned)
            </summary>
        </member>
        <member name="P:Microsoft.VisualStudio.Services.ExtensionManagement.WebApi.RequestedExtension.PublisherName">
            <summary>
            Represents the Publisher of the requested extension
            </summary>
        </member>
        <member name="P:Microsoft.VisualStudio.Services.ExtensionManagement.WebApi.RequestedExtension.PublisherDisplayName">
            <summary>
            DisplayName of the publisher that owns the extension being published.
            </summary>
        </member>
        <member name="P:Microsoft.VisualStudio.Services.ExtensionManagement.WebApi.RequestedExtension.ExtensionName">
            <summary>
            The unique name of the extension
            </summary>
        </member>
        <member name="P:Microsoft.VisualStudio.Services.ExtensionManagement.WebApi.RequestedExtension.ExtensionRequests">
            <summary>
            A list of each request for the extension
            </summary>
        </member>
        <member name="P:Microsoft.VisualStudio.Services.ExtensionManagement.WebApi.RequestedExtension.RequestCount">
            <summary>
            The total number of requests for an extension
            </summary>
        </member>
        <member name="T:Microsoft.VisualStudio.Services.ExtensionManagement.WebApi.SerializedContributionNode">
            <summary>
            Representaion of a ContributionNode that can be used for serialized to clients.
            </summary>
        </member>
        <member name="P:Microsoft.VisualStudio.Services.ExtensionManagement.WebApi.SerializedContributionNode.Contribution">
            <summary>
            Contribution associated with this node.
            </summary>
        </member>
        <member name="P:Microsoft.VisualStudio.Services.ExtensionManagement.WebApi.SerializedContributionNode.Parents">
            <summary>
            List of ids for contributions which are parents to the current contribution.
            </summary>
        </member>
        <member name="P:Microsoft.VisualStudio.Services.ExtensionManagement.WebApi.SerializedContributionNode.Children">
            <summary>
            List of ids for contributions which are children to the current contribution.
            </summary>
        </member>
        <member name="T:Microsoft.VisualStudio.Services.ExtensionManagement.WebApi.SupportedExtension">
            <summary>
            Information about the extension
            </summary>
        </member>
        <member name="P:Microsoft.VisualStudio.Services.ExtensionManagement.WebApi.SupportedExtension.Publisher">
            <summary>
            Unique Identifier for this publisher
            </summary>
        </member>
        <member name="P:Microsoft.VisualStudio.Services.ExtensionManagement.WebApi.SupportedExtension.Extension">
            <summary>
            Unique Identifier for this extension
            </summary>
        </member>
        <member name="P:Microsoft.VisualStudio.Services.ExtensionManagement.WebApi.SupportedExtension.Version">
            <summary>
            Supported version for this extension
            </summary>
        </member>
        <member name="M:Microsoft.VisualStudio.Services.ExtensionManagement.WebApi.ExtensionManagementResources.#cctor">
            Creates the resource manager instance.
        </member>
        <member name="M:Microsoft.VisualStudio.Services.ExtensionManagement.WebApi.ExtensionManagementResources.Get(System.String)">
            Returns a localized string given a resource string name.
        </member>
        <member name="M:Microsoft.VisualStudio.Services.ExtensionManagement.WebApi.ExtensionManagementResources.Format(System.String,System.Object[])">
            A little helper function to alleviate some typing associated with loading resources and
            formatting the strings.  In DEBUG builds, it also asserts that the number of format
            arguments and the length of args match.
        </member>
        <member name="M:Microsoft.VisualStudio.Services.ExtensionManagement.WebApi.ExtensionManagementResources.AppNotFoundForAppIdException(System.Object,System.Object)">
            <summary>
            TF1590002: App for id {0} and version {1} not found.
            </summary>
        </member>
        <member name="M:Microsoft.VisualStudio.Services.ExtensionManagement.WebApi.ExtensionManagementResources.InstalledAppNotFoundForAppIdException(System.Object)">
            <summary>
            TF1590003: No app with id {0} is installed in this account.
            </summary>
        </member>
        <member name="M:Microsoft.VisualStudio.Services.ExtensionManagement.WebApi.ExtensionManagementResources.CollectionDoesNotExistException(System.Object,System.Object,System.Object)">
            <summary>
            TF1590006: Collection with name {0} does not exist for scope {1} = {2}
            </summary>
        </member>
        <member name="M:Microsoft.VisualStudio.Services.ExtensionManagement.WebApi.ExtensionManagementResources.DocumentAlreadyExistsException(System.Object,System.Object,System.Object,System.Object)">
            <summary>
            TF1590004: Document with id {0} already exists in collection {1} for {2} = {3}
            </summary>
        </member>
        <member name="M:Microsoft.VisualStudio.Services.ExtensionManagement.WebApi.ExtensionManagementResources.DocumentDoesNotExistException(System.Object,System.Object,System.Object,System.Object)">
            <summary>
            TF1590005: Document with id {0} does not exist in collection {1} for {2} = {3}
            </summary>
        </member>
        <member name="M:Microsoft.VisualStudio.Services.ExtensionManagement.WebApi.ExtensionManagementResources.ExtensionAlreadyInstalledException(System.Object)">
            <summary>
            TF1590010: Extension {0} is already installed in this account.
            </summary>
        </member>
        <member name="M:Microsoft.VisualStudio.Services.ExtensionManagement.WebApi.ExtensionManagementResources.InvalidDocumentVersionException(System.Object,System.Object,System.Object,System.Object)">
            <summary>
            TF1590007: Document version with id {0} in collection {1} for {2} = {3} does not match current value
            </summary>
        </member>
        <member name="M:Microsoft.VisualStudio.Services.ExtensionManagement.WebApi.ExtensionManagementResources.InvalidInstallationTargetException(System.Object,System.Object)">
            <summary>
            TF1590011: InstallationTargets {0} are not valid for extension {1}
            </summary>
        </member>
        <member name="M:Microsoft.VisualStudio.Services.ExtensionManagement.WebApi.ExtensionManagementResources.AppInstallAccessException(System.Object)">
            <summary>
            TF1590000: User {0} does not have permission to install extensions into account.
            </summary>
        </member>
        <member name="M:Microsoft.VisualStudio.Services.ExtensionManagement.WebApi.ExtensionManagementResources.AppManifestValidationException(System.Object)">
            <summary>
            TF1590005: Extension Manifest is invalid. Error(s): {0}
            </summary>
        </member>
        <member name="M:Microsoft.VisualStudio.Services.ExtensionManagement.WebApi.ExtensionManagementResources.AppNamespaceExistsException(System.Object)">
            <summary>
            TF1590004: An extension with namespace {0} already exists.
            </summary>
        </member>
        <member name="M:Microsoft.VisualStudio.Services.ExtensionManagement.WebApi.ExtensionManagementResources.AppNotFoundForNamespaceException(System.Object,System.Object)">
            <summary>
            TF1590002: Extension for namespace {0} and version {1} not found.
            </summary>
        </member>
        <member name="M:Microsoft.VisualStudio.Services.ExtensionManagement.WebApi.ExtensionManagementResources.AppNotFoundForStoreException(System.Object,System.Object,System.Object)">
            <summary>
            TF1590002: Extension for store {0} and target {1} with id {2} not found.
            </summary>
        </member>
        <member name="M:Microsoft.VisualStudio.Services.ExtensionManagement.WebApi.ExtensionManagementResources.AppPublishAccessException(System.Object)">
            <summary>
            TF1590001: User {0} does not have permission to publish extensions in this store
            </summary>
        </member>
        <member name="M:Microsoft.VisualStudio.Services.ExtensionManagement.WebApi.ExtensionManagementResources.ContributionPointNotFoundError(System.Object,System.Object)">
            <summary>
            The contribution point {0} was not found on extension {1}.
            </summary>
        </member>
        <member name="M:Microsoft.VisualStudio.Services.ExtensionManagement.WebApi.ExtensionManagementResources.ContributionPointOwnerNotFoundError(System.Object,System.Object)">
            <summary>
            The extension {0} for the contribution point {1} was not found.
            </summary>
        </member>
        <member name="M:Microsoft.VisualStudio.Services.ExtensionManagement.WebApi.ExtensionManagementResources.ContributionTypeNotFoundError(System.Object,System.Object)">
            <summary>
            The contribution type {0} was not found on extension {1}.
            </summary>
        </member>
        <member name="M:Microsoft.VisualStudio.Services.ExtensionManagement.WebApi.ExtensionManagementResources.ContributionTypeOwnerNotFoundError(System.Object,System.Object)">
            <summary>
            The extension {0} for the contribution type {1} was not found.
            </summary>
        </member>
        <member name="M:Microsoft.VisualStudio.Services.ExtensionManagement.WebApi.ExtensionManagementResources.ContributionTypeSchemaValidationError(System.Object,System.Object)">
            <summary>
            Contribution Type schema for {0} is invalid. Error: {1}
            </summary>
        </member>
        <member name="M:Microsoft.VisualStudio.Services.ExtensionManagement.WebApi.ExtensionManagementResources.ContributionTypeUndefinedError(System.Object,System.Object)">
            <summary>
            The contribution type {0} referenced by contribution point {1} is not defined.
            </summary>
        </member>
        <member name="M:Microsoft.VisualStudio.Services.ExtensionManagement.WebApi.ExtensionManagementResources.ContributionValidationError(System.Object,System.Object,System.Object,System.Object)">
            <summary>
            The contribution with index {0} to the contribution point {1} is not in a valid format. It should validate against the schema for the contribution type {2}. Validation errors: {3}
            </summary>
        </member>
        <member name="M:Microsoft.VisualStudio.Services.ExtensionManagement.WebApi.ExtensionManagementResources.ExtensionRequestAlreadyExistsException">
            <summary>
            TF1590012: A request for this extension has already been made.
            </summary>
        </member>
        <member name="M:Microsoft.VisualStudio.Services.ExtensionManagement.WebApi.ExtensionManagementResources.ExtensionUnauthorizedException(System.Object,System.Object)">
            <summary>
            TF1590013: Unauthorized to access extension data for {0}.{1}.
            </summary>
        </member>
        <member name="M:Microsoft.VisualStudio.Services.ExtensionManagement.WebApi.ExtensionManagementResources.TokenMissingHostAuthorizationClaimException">
            <summary>
            TF1590015: Token missing claim for host authorization id.
            </summary>
        </member>
        <member name="M:Microsoft.VisualStudio.Services.ExtensionManagement.WebApi.ExtensionManagementResources.ExtensionNotLoaded(System.Object,System.Object)">
            <summary>
            TF1590016: Unable to load extension with id: {0}  Reason: {1}
            </summary>
        </member>
        <member name="M:Microsoft.VisualStudio.Services.ExtensionManagement.WebApi.ExtensionManagementResources.DocumentCollectionDoesNotExistException(System.Object,System.Object,System.Object)">
            <summary>
            TF1590006: Collection with name {0} does not exist for scope {1} = {2}
            </summary>
        </member>
        <member name="M:Microsoft.VisualStudio.Services.ExtensionManagement.WebApi.ExtensionManagementResources.ContributionEmbeddedException(System.Object)">
            <summary>
            Contributions can&apos;t be embedded within contributions. {0}
            </summary>
        </member>
        <member name="M:Microsoft.VisualStudio.Services.ExtensionManagement.WebApi.ExtensionManagementResources.ContributionIdInvalidInElementException(System.Object,System.Object)">
            <summary>
            The contribution with id=&quot;{0}&quot; couldn&apos;t be found. {1}
            </summary>
        </member>
        <member name="M:Microsoft.VisualStudio.Services.ExtensionManagement.WebApi.ExtensionManagementResources.ContributionIdRequiredInElementException(System.Object)">
            <summary>
            Contribution elements MUST supply the contributionId through the &quot;id&quot; attribute. {0}
            </summary>
        </member>
        <member name="M:Microsoft.VisualStudio.Services.ExtensionManagement.WebApi.ExtensionManagementResources.ContributionRendererNotDefinedException(System.Object,System.Object)">
            <summary>
            The contribution with type=&quot;{0}&quot; doesn&apos;t have a template renderer available. {1}
            </summary>
        </member>
        <member name="M:Microsoft.VisualStudio.Services.ExtensionManagement.WebApi.ExtensionManagementResources.ContributionElementTypeException(System.Object,System.Object)">
            <summary>
            The supplied template element for contribution type &quot;{0}&quot; is &quot;{1}&quot;, MUST implement the IContributionElement interface.
            </summary>
        </member>
        <member name="M:Microsoft.VisualStudio.Services.ExtensionManagement.WebApi.ExtensionManagementResources.CharacterLimitExceeded(System.Object,System.Object)">
            <summary>
            The character limit was exceeded for the parameter &apos;{0}&apos;. Maximum character limit is {1}.
            </summary>
        </member>
        <member name="M:Microsoft.VisualStudio.Services.ExtensionManagement.WebApi.ExtensionManagementResources.ExtensionDemandsNotSupportedException(System.Object)">
            <summary>
            Unable to install extension due to:{0}
            </summary>
        </member>
        <member name="M:Microsoft.VisualStudio.Services.ExtensionManagement.WebApi.ExtensionManagementResources.ExtensionDemandErrorFormat(System.Object)">
            <summary>
            - {0}
            </summary>
        </member>
        <member name="M:Microsoft.VisualStudio.Services.ExtensionManagement.WebApi.ExtensionManagementResources.ExtensionDemandsNotSupportedWithoutReasonException">
            <summary>
            Unable to install extension due errors checking its demands.
            </summary>
        </member>
    </members>
</doc>
