{"count":1,"value":[{"id":12,"rev":4,"fields":{"System.AreaPath":"Acquaint","System.TeamProject":"Acquaint","System.IterationPath":"Acquaint\\Iteration 2","System.WorkItemType":"Bug","System.State":"New","System.Reason":"New","System.CreatedDate":"2017-01-31T02:27:23.723Z","System.CreatedBy":"Joseph Sauve <josau@microsoft.com>","System.ChangedDate":"2017-02-02T04:09:37.103Z","System.ChangedBy":"David Hathaway <dahat@microsoft.com>","System.Title":"Intermittent crashing, but will always eventually happen","Microsoft.VSTS.Scheduling.Effort":0.0,"System.Description":null,"System.AssignedTo":"David Hathaway <dahat@microsoft.com>","Microsoft.VSTS.Scheduling.RemainingWork":0.0,"Microsoft.VSTS.Common.Priority":2.0,"System.BoardLane":null,"System.Tags":null,"Microsoft.VSTS.TCM.Steps":null,"Microsoft.VSTS.TCM.Parameters":null,"Microsoft.VSTS.TCM.LocalDataSource":null,"Microsoft.VSTS.TCM.AutomationStatus":null},"relations":[{"rel":"System.LinkTypes.Hierarchy-Reverse","url":"https://devops-mobile.visualstudio.com/_apis/wit/workItems/11","attributes":{"isLocked":"False"}}],"url":"https://devops-mobile.visualstudio.com/_apis/wit/workItems/12"}],"HttpStatusCode":0}