{
  "Name": "devops-mobile",
  "Description": "A simple Xamarin app named Acquaint. The app is a simple list of contacts, each of which can be viewed in a detail screen and modified in an edit screen. It runs on iOS 9+, Android 4.2+, and UWP (mobile and desktop).",
  "Teams": "Teams.json",
  "SourceCode": "ImportSourceCode.json",
  "CreateService": "",
  "BoardColumns": "",
  "ProjectSettings": "ProjectSettings.json",
  "CardStyle": "",
  "CardField": "",
  "PBIfromTemplate": "PBIfromTemplate.json",
  "BugfromTemplate": "BugfromTemplate.json",
  "EpicfromTemplate": "EpicfromTemplate.json",
  "TaskfromTemplate": "TaskfromTemplate.json",
  "TestCasefromTemplate": "TestCasefromTemplate.json",
  "FeaturefromTemplate": "FeaturefromTemplate.json",
  "UserStoriesFromTemplate": "UerStoriesfromTemplate.json",
  "SetEpic": "EnableEpic.json",
  "BoardRows": "",
  "Widget": "WidgetQuery.json",
  "Chart": "WidgetChart.json"
 
}