{"count":3,"value":[{"id":4,"rev":5,"fields":{"System.AreaPath":"Acquaint","System.TeamProject":"Acquaint","System.IterationPath":"Acquaint\\Iteration 2","System.WorkItemType":"Task","System.State":"New","System.Reason":"New","System.CreatedDate":"2017-01-31T02:02:16.83Z","System.CreatedBy":"Joseph Sauve <josau@microsoft.com>","System.ChangedDate":"2017-01-31T02:28:54.71Z","System.ChangedBy":"Joseph Sauve <josau@microsoft.com>","System.Title":"Add sorting controls","Microsoft.VSTS.Scheduling.Effort":0.0,"System.Description":null,"System.AssignedTo":"Joseph Sauve <josau@microsoft.com>","Microsoft.VSTS.Scheduling.RemainingWork":0.0,"Microsoft.VSTS.Common.Priority":2.0,"System.BoardLane":null,"System.Tags":null,"Microsoft.VSTS.TCM.Steps":null,"Microsoft.VSTS.TCM.Parameters":null,"Microsoft.VSTS.TCM.LocalDataSource":null,"Microsoft.VSTS.TCM.AutomationStatus":null},"relations":[{"rel":"System.LinkTypes.Hierarchy-Reverse","url":"https://devops-mobile.visualstudio.com/_apis/wit/workItems/3","attributes":{"isLocked":"False"}}],"url":"https://devops-mobile.visualstudio.com/_apis/wit/workItems/4"},{"id":5,"rev":4,"fields":{"System.AreaPath":"Acquaint","System.TeamProject":"Acquaint","System.IterationPath":"Acquaint\\Iteration 2","System.WorkItemType":"Task","System.State":"New","System.Reason":"New","System.CreatedDate":"2017-01-31T02:02:38.567Z","System.CreatedBy":"Joseph Sauve <josau@microsoft.com>","System.ChangedDate":"2017-01-31T02:28:56.807Z","System.ChangedBy":"Joseph Sauve <josau@microsoft.com>","System.Title":"Add filtering search box","Microsoft.VSTS.Scheduling.Effort":0.0,"System.Description":null,"System.AssignedTo":"Joseph Sauve <josau@microsoft.com>","Microsoft.VSTS.Scheduling.RemainingWork":0.0,"Microsoft.VSTS.Common.Priority":2.0,"System.BoardLane":null,"System.Tags":null,"Microsoft.VSTS.TCM.Steps":null,"Microsoft.VSTS.TCM.Parameters":null,"Microsoft.VSTS.TCM.LocalDataSource":null,"Microsoft.VSTS.TCM.AutomationStatus":null},"relations":[{"rel":"System.LinkTypes.Hierarchy-Reverse","url":"https://devops-mobile.visualstudio.com/_apis/wit/workItems/3","attributes":{"isLocked":"False"}}],"url":"https://devops-mobile.visualstudio.com/_apis/wit/workItems/5"},{"id":2,"rev":4,"fields":{"System.AreaPath":"Acquaint","System.TeamProject":"Acquaint","System.IterationPath":"Acquaint\\Iteration 2","System.WorkItemType":"Task","System.State":"Active","System.Reason":"Work started","System.CreatedDate":"2017-01-31T00:45:08.02Z","System.CreatedBy":"Joseph Sauve <josau@microsoft.com>","System.ChangedDate":"2017-01-31T02:28:13.553Z","System.ChangedBy":"Joseph Sauve <josau@microsoft.com>","System.Title":"Try out light blue color for background of Acquaintance list cell","Microsoft.VSTS.Scheduling.Effort":0.0,"System.Description":"We'd like to see how the background of a list cell looks in a light blue color. Please update the app and remit a screenshot so that a design decision can be made.","System.AssignedTo":"Joseph Sauve <josau@microsoft.com>","Microsoft.VSTS.Scheduling.RemainingWork":0.0,"Microsoft.VSTS.Common.Priority":2.0,"System.BoardLane":null,"System.Tags":null,"Microsoft.VSTS.TCM.Steps":null,"Microsoft.VSTS.TCM.Parameters":null,"Microsoft.VSTS.TCM.LocalDataSource":null,"Microsoft.VSTS.TCM.AutomationStatus":null},"relations":[{"rel":"System.LinkTypes.Hierarchy-Reverse","url":"https://devops-mobile.visualstudio.com/_apis/wit/workItems/1","attributes":{"isLocked":"False"}}],"url":"https://devops-mobile.visualstudio.com/_apis/wit/workItems/2"}],"HttpStatusCode":0}