﻿{
  "cards": {
    "Bug": [
      {
        "fieldIdentifier": "System.Title"
      },
      {
        "fieldIdentifier": "Microsoft.VSTS.Common.Severity"
      },
      {
        "fieldIdentifier": "System.AreaPath"
      },
      {
        "fieldIdentifier": "System.Id",
        "displayType": "CORE"
      },
      {
        "fieldIdentifier": "System.AssignedTo",
        "displayFormat": "AvatarAndFullName",
        "displayType": "CORE"
      },
      {
        "fieldIdentifier": "Microsoft.VSTS.Scheduling.Effort",
        "displayType": "CORE"
      },
      {
        "fieldIdentifier": "System.Tags",
        "displayType": "CORE"
      },
      {
        "showEmptyFields": "true"
      }
    ],
    "Product Backlog Item": [
      {
        "fieldIdentifier": "System.Title"
      },
      {
        "fieldIdentifier": "System.AreaPath"
      },
      {
        "fieldIdentifier": "Microsoft.VSTS.Common.Priority"
      },
      {
        "fieldIdentifier": "System.Id",
        "displayType": "CORE"
      },
      {
        "fieldIdentifier": "System.AssignedTo",
        "displayFormat": "AvatarAndFullName",
        "displayType": "CORE"
      },
      {
        "fieldIdentifier": "Microsoft.VSTS.Scheduling.Effort",
        "displayType": "CORE"
      },
      {
        "fieldIdentifier": "System.Tags",
        "displayType": "CORE"
      },
      {
        "showEmptyFields": "true"
      }
    ]
  }
}
