{
  "name": "MHC",
  "type": "azurerm",
  "url": "https://management.azure.com/",
  "subscriptionId": "",
  "authorization": {
    "scheme": "ServicePrincipal",
    "parameters": {
      "subscriptionId": ""
    }
  }


  //{
  //  "data": {
  //    "subscriptionId": "3a813868-d0c7-4014-bc88-34bd140ceb55",
  //    "subscriptionName": "Visual Studio Enterprise with MSDN",
  //    "creationMode": "Automatic"
  //  },
  //  "name": "$ProjectName$ServiceEndpoint",
  //  "type": "azurerm",
  //  "url": "https://management.core.windows.net/",
  //  "authorization": {
  //    "parameters": {
  //      "serviceprincipalid": "",
  //      "serviceprincipalkey": "",
  //      "tenantid": ""
  //    },
  //    "scheme": "ServicePrincipal"
  //  }
  }