{
  "count": 3,
  "value": [
    {
      "id": 19526,
      "rev": 1,
      "fields": {
        "System.AreaPath": "WorkLinksDemo",
        "System.TeamProject": "WorkLinksDemo",
        "System.IterationPath": "WorkLinksDemo\\Sprint 1",
        "System.WorkItemType": "Bug",
        "System.State": "New",
        "System.Reason": "New defect reported",
        "System.CreatedDate": "2017-03-16T09:05:03.037Z",
        "System.CreatedBy": "Bharath YM <Bharath.YM@hotmail.com>",
        "System.ChangedDate": "2017-03-16T09:05:03.037Z",
        "System.ChangedBy": "Bharath YM <Bharath.YM@hotmail.com>",
        "System.Title": "Bug two",
        "Microsoft.VSTS.Scheduling.Effort": 0.0,
        "System.Description": null,
        "System.AssignedTo": null,
        "Microsoft.VSTS.Scheduling.RemainingWork": 0.0,
        "Microsoft.VSTS.Common.Priority": 2.0,
        "System.BoardLane": null,
        "System.Tags": null,
        "Microsoft.VSTS.TCM.Steps": null,
        "Microsoft.VSTS.TCM.Parameters": null,
        "Microsoft.VSTS.TCM.LocalDataSource": null,
        "Microsoft.VSTS.TCM.AutomationStatus": null,
        "System.History": null
      },
      "relations": [
        {
          "rel": "System.LinkTypes.Hierarchy-Reverse",
          "url": "https://bharathym.visualstudio.com/_apis/wit/workItems/19521",
          "attributes": {
            "isLocked": "False"
          }
        }
      ],
      "url": "https://bharathym.visualstudio.com/_apis/wit/workItems/19526"
    },
    {
      "id": 19527,
      "rev": 1,
      "fields": {
        "System.AreaPath": "WorkLinksDemo",
        "System.TeamProject": "WorkLinksDemo",
        "System.IterationPath": "WorkLinksDemo",
        "System.WorkItemType": "Bug",
        "System.State": "New",
        "System.Reason": "New defect reported",
        "System.CreatedDate": "2017-03-16T09:16:18.313Z",
        "System.CreatedBy": "Bharath YM <Bharath.YM@hotmail.com>",
        "System.ChangedDate": "2017-03-16T09:16:18.313Z",
        "System.ChangedBy": "Bharath YM <Bharath.YM@hotmail.com>",
        "System.Title": "wdqwdBUG",
        "Microsoft.VSTS.Scheduling.Effort": 0.0,
        "System.Description": null,
        "System.AssignedTo": null,
        "Microsoft.VSTS.Scheduling.RemainingWork": 0.0,
        "Microsoft.VSTS.Common.Priority": 2.0,
        "System.BoardLane": null,
        "System.Tags": null,
        "Microsoft.VSTS.TCM.Steps": null,
        "Microsoft.VSTS.TCM.Parameters": null,
        "Microsoft.VSTS.TCM.LocalDataSource": null,
        "Microsoft.VSTS.TCM.AutomationStatus": null,
        "System.History": null
      },
      "relations": [
        {
          "rel": "System.LinkTypes.Hierarchy-Reverse",
          "url": "https://bharathym.visualstudio.com/_apis/wit/workItems/19523",
          "attributes": {
            "isLocked": "False"
          }
        },
        {
          "rel": "AttachedFile",
          "url": "https://bharathym.visualstudio.com/_apis/wit/attachments/ca58ce98-3ebc-45b5-abf6-4de2fac58d62",
          "attributes": {
            "authorizedDate": "2017-03-16T09:16:18.313Z",
            "id": "446090",
            "resourceCreatedDate": "2017-03-16T09:16:36.413Z",
            "resourceModifiedDate": "2017-02-04T15:36:06.02Z",
            "revisedDate": "9999-01-01T00:00:00Z",
            "resourceSize": "907",
            "name": "Configuration.cs"
          }
        }
      ],
      "url": "https://bharathym.visualstudio.com/_apis/wit/workItems/19527"
    },
    {
      "id": 19525,
      "rev": 2,
      "fields": {
        "System.AreaPath": "WorkLinksDemo",
        "System.TeamProject": "WorkLinksDemo",
        "System.IterationPath": "WorkLinksDemo\\Sprint 1",
        "System.WorkItemType": "Bug",
        "System.State": "New",
        "System.Reason": "New defect reported",
        "System.CreatedDate": "2017-03-16T09:04:46.49Z",
        "System.CreatedBy": "Bharath YM <Bharath.YM@hotmail.com>",
        "System.ChangedDate": "2017-03-20T06:30:44.873Z",
        "System.ChangedBy": "Bharath YM <Bharath.YM@hotmail.com>",
        "System.Title": "Bug one",
        "Microsoft.VSTS.Scheduling.Effort": 0.0,
        "System.Description": null,
        "System.AssignedTo": null,
        "Microsoft.VSTS.Scheduling.RemainingWork": 0.0,
        "Microsoft.VSTS.Common.Priority": 2.0,
        "System.BoardLane": null,
        "System.Tags": null,
        "Microsoft.VSTS.TCM.Steps": null,
        "Microsoft.VSTS.TCM.Parameters": null,
        "Microsoft.VSTS.TCM.LocalDataSource": null,
        "Microsoft.VSTS.TCM.AutomationStatus": null,
        "System.History": null
      },
      "relations": [
        {
          "rel": "System.LinkTypes.Hierarchy-Reverse",
          "url": "https://bharathym.visualstudio.com/_apis/wit/workItems/19521",
          "attributes": {
            "isLocked": "False"
          }
        },
        {
          "rel": "AttachedFile",
          "url": "https://bharathym.visualstudio.com/_apis/wit/attachments/a3f6151f-9abf-47fe-8ff1-d46967af8de0",
          "attributes": {
            "authorizedDate": "2017-03-20T06:30:44.873Z",
            "id": "448636",
            "resourceCreatedDate": "2017-03-20T06:29:58.467Z",
            "resourceModifiedDate": "2016-11-11T13:17:59.227Z",
            "revisedDate": "9999-01-01T00:00:00Z",
            "resourceSize": "8460792",
            "name": "Sublime Text Build 3126 x64 Setup.exe"
          }
        }
      ],
      "url": "https://bharathym.visualstudio.com/_apis/wit/workItems/19525"
    }
  ],
  "HttpStatusCode": 0
}