{
  "count": 4,
  "value": [
    {
      "id": 19522,
      "rev": 6,
      "fields": {
        "System.AreaPath": "WorkLinksDemo",
        "System.TeamProject": "WorkLinksDemo",
        "System.IterationPath": "WorkLinksDemo",
        "System.WorkItemType": "Product Backlog Item",
        "System.State": "New",
        "System.Reason": "New backlog item",
        "System.CreatedDate": "2017-03-16T09:04:05.437Z",
        "System.CreatedBy": "Bharath YM <Bharath.YM@hotmail.com>",
        "System.ChangedDate": "2017-03-16T09:32:12.483Z",
        "System.ChangedBy": "Bharath YM <Bharath.YM@hotmail.com>",
        "System.Title": "PBI two",
        "Microsoft.VSTS.Scheduling.Effort": 0.0,
        "System.Description": null,
        "System.AssignedTo": null,
        "Microsoft.VSTS.Scheduling.RemainingWork": 0.0,
        "Microsoft.VSTS.Common.Priority": 2.0,
        "System.BoardLane": null,
        "System.Tags": null,
        "Microsoft.VSTS.TCM.Steps": null,
        "Microsoft.VSTS.TCM.Parameters": null,
        "Microsoft.VSTS.TCM.LocalDataSource": null,
        "Microsoft.VSTS.TCM.AutomationStatus": null,
        "System.History": null
      },
      "relations": [
        {
          "rel": "AttachedFile",
          "url": "https://bharathym.visualstudio.com/_apis/wit/attachments/6ca2d830-f56d-4e05-a0a2-9b3ad3e882eb",
          "attributes": {
            "authorizedDate": "2017-03-16T09:14:21.473Z",
            "id": "446087",
            "resourceCreatedDate": "2017-03-16T09:14:39.403Z",
            "resourceModifiedDate": "2017-03-03T13:03:32.453Z",
            "revisedDate": "9999-01-01T00:00:00Z",
            "resourceSize": "157",
            "name": "Color_codes.txt"
          }
        },
        {
          "rel": "AttachedFile",
          "url": "https://bharathym.visualstudio.com/_apis/wit/attachments/9cdf15b4-5bd8-47fd-a010-a9cf2baa060e",
          "attributes": {
            "authorizedDate": "2017-03-16T09:14:39.46Z",
            "id": "446088",
            "resourceCreatedDate": "2017-03-16T09:14:56.61Z",
            "resourceModifiedDate": "2017-03-09T13:31:24.22Z",
            "revisedDate": "9999-01-01T00:00:00Z",
            "resourceSize": "2026",
            "name": "UpdateQueries.txt"
          }
        },
        {
          "rel": "AttachedFile",
          "url": "https://bharathym.visualstudio.com/_apis/wit/attachments/39c69f5e-f277-4723-a32b-61b34b0e3212",
          "attributes": {
            "authorizedDate": "2017-03-16T09:14:51.663Z",
            "id": "446089",
            "resourceCreatedDate": "2017-03-16T09:15:10.46Z",
            "resourceModifiedDate": "2017-03-03T13:03:32.453Z",
            "revisedDate": "9999-01-01T00:00:00Z",
            "resourceSize": "157",
            "name": "Color_codes.txt"
          }
        },
        {
          "rel": "Hyperlink",
          "url": "http://www.ecanarys.com/",
          "attributes": {
            "authorizedDate": "2017-03-16T09:32:12.483Z",
            "id": "446101",
            "resourceCreatedDate": "2017-03-16T09:32:12.483Z",
            "resourceModifiedDate": "2017-03-16T09:32:12.483Z",
            "revisedDate": "9999-01-01T00:00:00Z"
          }
        },
        {
          "rel": "Hyperlink",
          "url": "https://www.google.co.in/?gfe_rd=cr&ei=3FrKWMjdMeSK8QfWhLWgDg",
          "attributes": {
            "authorizedDate": "2017-03-16T09:32:12.483Z",
            "id": "446100",
            "resourceCreatedDate": "2017-03-16T09:32:12.483Z",
            "resourceModifiedDate": "2017-03-16T09:32:12.483Z",
            "revisedDate": "9999-01-01T00:00:00Z"
          }
        }
      ],
      "url": "https://bharathym.visualstudio.com/_apis/wit/workItems/19522"
    },
    {
      "id": 19521,
      "rev": 8,
      "fields": {
        "System.AreaPath": "WorkLinksDemo",
        "System.TeamProject": "WorkLinksDemo",
        "System.IterationPath": "WorkLinksDemo",
        "System.WorkItemType": "Product Backlog Item",
        "System.State": "New",
        "System.Reason": "New backlog item",
        "System.CreatedDate": "2017-03-16T09:03:59.687Z",
        "System.CreatedBy": "Bharath YM <Bharath.YM@hotmail.com>",
        "System.ChangedDate": "2017-03-16T09:32:35.447Z",
        "System.ChangedBy": "Bharath YM <Bharath.YM@hotmail.com>",
        "System.Title": "BPI one",
        "Microsoft.VSTS.Scheduling.Effort": 10.0,
        "System.Description": null,
        "System.AssignedTo": null,
        "Microsoft.VSTS.Scheduling.RemainingWork": 0.0,
        "Microsoft.VSTS.Common.Priority": 2.0,
        "System.BoardLane": null,
        "System.Tags": "asdad; sdvvsv",
        "Microsoft.VSTS.TCM.Steps": null,
        "Microsoft.VSTS.TCM.Parameters": null,
        "Microsoft.VSTS.TCM.LocalDataSource": null,
        "Microsoft.VSTS.TCM.AutomationStatus": null,
        "System.History": null
      },
      "relations": [
        {
          "rel": "System.LinkTypes.Hierarchy-Forward",
          "url": "https://bharathym.visualstudio.com/_apis/wit/workItems/19525",
          "attributes": {
            "isLocked": "False"
          }
        },
        {
          "rel": "System.LinkTypes.Hierarchy-Forward",
          "url": "https://bharathym.visualstudio.com/_apis/wit/workItems/19526",
          "attributes": {
            "isLocked": "False"
          }
        },
        {
          "rel": "Hyperlink",
          "url": "http://www.ecanarys.com/",
          "attributes": {
            "authorizedDate": "2017-03-16T09:32:35.447Z",
            "id": "446103",
            "resourceCreatedDate": "2017-03-16T09:32:35.447Z",
            "resourceModifiedDate": "2017-03-16T09:32:35.447Z",
            "revisedDate": "9999-01-01T00:00:00Z"
          }
        },
        {
          "rel": "Hyperlink",
          "url": "https://www.google.co.in/?gfe_rd=cr&ei=3FrKWMjdMeSK8QfWhLWgDg",
          "attributes": {
            "authorizedDate": "2017-03-16T09:32:35.447Z",
            "id": "446102",
            "resourceCreatedDate": "2017-03-16T09:32:35.447Z",
            "resourceModifiedDate": "2017-03-16T09:32:35.447Z",
            "revisedDate": "9999-01-01T00:00:00Z"
          }
        },
        {
          "rel": "AttachedFile",
          "url": "https://bharathym.visualstudio.com/_apis/wit/attachments/349c4a1c-f8dc-4edc-88bc-972bfaac5d6c",
          "attributes": {
            "authorizedDate": "2017-03-16T09:08:00.9Z",
            "id": "446084",
            "resourceCreatedDate": "2017-03-16T09:08:17.817Z",
            "resourceModifiedDate": "2017-03-03T13:03:32.453Z",
            "revisedDate": "9999-01-01T00:00:00Z",
            "resourceSize": "157",
            "name": "Color_codes.txt"
          }
        },
        {
          "rel": "AttachedFile",
          "url": "https://bharathym.visualstudio.com/_apis/wit/attachments/855389d2-250f-4022-beee-4a68062a029c",
          "attributes": {
            "authorizedDate": "2017-03-16T09:09:31.817Z",
            "id": "446086",
            "resourceCreatedDate": "2017-03-16T09:09:50.117Z",
            "resourceModifiedDate": "2017-03-09T13:31:24.22Z",
            "revisedDate": "9999-01-01T00:00:00Z",
            "resourceSize": "2026",
            "name": "UpdateQueries.txt"
          }
        }
      ],
      "url": "https://bharathym.visualstudio.com/_apis/wit/workItems/19521"
    },
    {
      "id": 19524,
      "rev": 3,
      "fields": {
        "System.AreaPath": "WorkLinksDemo",
        "System.TeamProject": "WorkLinksDemo",
        "System.IterationPath": "WorkLinksDemo",
        "System.WorkItemType": "Product Backlog Item",
        "System.State": "New",
        "System.Reason": "New backlog item",
        "System.CreatedDate": "2017-03-16T09:04:15.39Z",
        "System.CreatedBy": "Bharath YM <Bharath.YM@hotmail.com>",
        "System.ChangedDate": "2017-03-17T10:01:28.437Z",
        "System.ChangedBy": "Bharath YM <Bharath.YM@hotmail.com>",
        "System.Title": "PBI four",
        "Microsoft.VSTS.Scheduling.Effort": 0.0,
        "System.Description": null,
        "System.AssignedTo": null,
        "Microsoft.VSTS.Scheduling.RemainingWork": 0.0,
        "Microsoft.VSTS.Common.Priority": 2.0,
        "System.BoardLane": null,
        "System.Tags": null,
        "Microsoft.VSTS.TCM.Steps": null,
        "Microsoft.VSTS.TCM.Parameters": null,
        "Microsoft.VSTS.TCM.LocalDataSource": null,
        "Microsoft.VSTS.TCM.AutomationStatus": null,
        "System.History": null
      },
      "relations": [
        {
          "rel": "AttachedFile",
          "url": "https://bharathym.visualstudio.com/_apis/wit/attachments/69d2be69-4e60-4784-b20d-3d9e14574d3c",
          "attributes": {
            "authorizedDate": "2017-03-17T10:01:28.437Z",
            "id": "447502",
            "resourceCreatedDate": "2017-03-17T10:01:46.693Z",
            "resourceModifiedDate": "2016-11-25T09:12:24.607Z",
            "revisedDate": "9999-01-01T00:00:00Z",
            "resourceSize": "4483",
            "name": "devon-logo.png"
          }
        }
      ],
      "url": "https://bharathym.visualstudio.com/_apis/wit/workItems/19524"
    },
    {
      "id": 19523,
      "rev": 5,
      "fields": {
        "System.AreaPath": "WorkLinksDemo",
        "System.TeamProject": "WorkLinksDemo",
        "System.IterationPath": "WorkLinksDemo",
        "System.WorkItemType": "Product Backlog Item",
        "System.State": "New",
        "System.Reason": "New backlog item",
        "System.CreatedDate": "2017-03-16T09:04:11.047Z",
        "System.CreatedBy": "Bharath YM <Bharath.YM@hotmail.com>",
        "System.ChangedDate": "2017-03-17T10:56:18.69Z",
        "System.ChangedBy": "Bharath YM <Bharath.YM@hotmail.com>",
        "System.Title": "PBI three",
        "Microsoft.VSTS.Scheduling.Effort": 0.0,
        "System.Description": null,
        "System.AssignedTo": null,
        "Microsoft.VSTS.Scheduling.RemainingWork": 0.0,
        "Microsoft.VSTS.Common.Priority": 2.0,
        "System.BoardLane": null,
        "System.Tags": null,
        "Microsoft.VSTS.TCM.Steps": null,
        "Microsoft.VSTS.TCM.Parameters": null,
        "Microsoft.VSTS.TCM.LocalDataSource": null,
        "Microsoft.VSTS.TCM.AutomationStatus": null,
        "System.History": null
      },
      "relations": [
        {
          "rel": "System.LinkTypes.Hierarchy-Forward",
          "url": "https://bharathym.visualstudio.com/_apis/wit/workItems/19527",
          "attributes": {
            "isLocked": "False"
          }
        },
        {
          "rel": "AttachedFile",
          "url": "https://bharathym.visualstudio.com/_apis/wit/attachments/203edc13-1894-41a9-bbed-3f08fd999e4f",
          "attributes": {
            "authorizedDate": "2017-03-17T10:55:24.62Z",
            "id": "447550",
            "resourceCreatedDate": "2017-03-17T10:55:41.413Z",
            "resourceModifiedDate": "2016-11-11T12:34:34.147Z",
            "revisedDate": "9999-01-01T00:00:00Z",
            "resourceSize": "2332327",
            "name": "From-JS-To-TS-Experiences.pdf"
          }
        },
        {
          "rel": "AttachedFile",
          "url": "https://bharathym.visualstudio.com/_apis/wit/attachments/7bbbe276-d250-4599-87bf-7895f2b664cf",
          "attributes": {
            "authorizedDate": "2017-03-17T10:55:44.393Z",
            "id": "447552",
            "resourceCreatedDate": "2017-03-17T10:56:02.677Z",
            "resourceModifiedDate": "2016-10-21T06:50:53.173Z",
            "revisedDate": "9999-01-01T00:00:00Z",
            "resourceSize": "270336",
            "name": "Internet Information Server.ppt"
          }
        },
        {
          "rel": "AttachedFile",
          "url": "https://bharathym.visualstudio.com/_apis/wit/attachments/bac9f439-4e45-40ab-8274-fde7152be687",
          "attributes": {
            "authorizedDate": "2017-03-17T10:56:18.69Z",
            "id": "447553",
            "resourceCreatedDate": "2017-03-17T10:56:39.843Z",
            "resourceModifiedDate": "2017-01-12T14:34:13.507Z",
            "revisedDate": "9999-01-01T00:00:00Z",
            "resourceSize": "1316",
            "name": "JSON Viewer 1.0.4.zip"
          }
        }
      ],
      "url": "https://bharathym.visualstudio.com/_apis/wit/workItems/19523"
    }
  ],
  "HttpStatusCode": 0
}