﻿{
  "cards": {
    "Bug": [
      {
        "fieldIdentifier": "System.Title"
      },
      {
        "fieldIdentifier": "Microsoft.VSTS.Common.Priority"
      },
      {
        "fieldIdentifier": "System.ChangedBy"
      },
      {
        "fieldIdentifier": "System.State"
      },
      {
        "fieldIdentifier": "System.Tags"
      },
      {
        "fieldIdentifier": "Microsoft.VSTS.Common.Severity"
      },
      {
        "fieldIdentifier": "System.AssignedTo",
        "displayFormat": "AvatarAndFullName",
        "displayType": "CORE"
      },
      {
        "fieldIdentifier": "Microsoft.VSTS.Scheduling.Effort",
        "displayType": "CORE"
      },
      {
        "showEmptyFields": "true"
      }
    ],
    "Product Backlog Item": [
      {
        "fieldIdentifier": "System.Title"
      },
      {
        "fieldIdentifier": "System.ChangedBy"
      },
      {
        "fieldIdentifier": "System.State"
      },
      {
        "fieldIdentifier": "System.TeamProject"
      },
      {
        "fieldIdentifier": "System.Tags"
      },
      {
        "fieldIdentifier": "Microsoft.VSTS.Common.Priority"
      },
      {
        "fieldIdentifier": "Microsoft.VSTS.Common.BusinessValue"
      },
      {
        "fieldIdentifier": "System.AssignedTo",
        "displayFormat": "AvatarAndFullName",
        "displayType": "CORE"
      },
      {
        "fieldIdentifier": "Microsoft.VSTS.Scheduling.Effort",
        "displayType": "CORE"
      },
      {
        "showEmptyFields": "true"
      }
    ]
  }
}