{
  "name": "Acquaint.XForms.UWP-CI-master",
  "path": "\\CI\\master",
  "build": [
    {
      "enabled": true,
      "continueOnError": false,
      "alwaysRun": false,
      "displayName": "NuGet restore",
      "timeoutInMinutes": 0,
      "task": {
        "id": "333b11bd-d341-40d9-afcf-b32d5ce6f23b",
        "versionSpec": "0.*",
        "definitionType": "task"
      },
      "inputs": {
        "solution": "App/Acquaint.XForms.sln",
        "nugetConfigPath": "",
        "restoreMode": "restore",
        "noCache": "false",
        "nuGetRestoreArgs": "",
        "verbosity": "Detailed",
        "nuGetVersion": "3.5.0.1829",
        "nuGetPath": ""
      }
    },
    {
      "enabled": true,
      "continueOnError": false,
      "alwaysRun": false,
      "displayName": "Build Acquaint.XForms.UWP",
      "timeoutInMinutes": 0,
      "task": {
        "id": "71a9a2d3-a98a-4caa-96ab-affca411ecda",
        "versionSpec": "1.*",
        "definitionType": "task"
      },
      "inputs": {
        "solution": "App/Acquaint.XForms/Acquaint.XForms.UWP/Acquaint.XForms.UWP.csproj",
        "msbuildArgs": "/p:AppxBundlePlatforms=\"$(BuildPlatform)\" /p:AppxPackageDir=\"$(Build.BinariesDirectory)\\AppxPackages\\\\\" /p:AppxBundle=Always /p:UapAppxPackageBuildMode=CI",
        "platform": "",
        "configuration": "$(BuildConfiguration)",
        "clean": "false",
        "vsVersion": "14.0",
        "maximumCpuCount": "false",
        "restoreNugetPackages": "false",
        "msbuildArchitecture": "x86",
        "logProjectEvents": "true",
        "createLogFile": "false"
      }
    }
  ],
  "options": [
    {
      "enabled": false,
      "definition": {
        "id": "7c555368-ca64-4199-add6-9ebaf0b0137d"
      },
      "inputs": {
        "multipliers": "[]",
        "parallel": "false",
        "continueOnError": "true",
        "additionalFields": "{}"
      }
    },
    {
      "enabled": false,
      "definition": {
        "id": "a9db38f9-9fdc-478c-b0f9-464221e58316"
      },
      "inputs": {
        "workItemType": "689173",
        "assignToRequestor": "true",
        "additionalFields": "{}"
      }
    },
    {
      "enabled": false,
      "definition": {
        "id": "57578776-4c22-4526-aeb0-86b6da17ee9c"
      },
      "inputs": {
        "additionalFields": "{}"
      }
    }
  ],
  "triggers": [
  
  ],
  "variables": {
    "BuildConfiguration": {
      "value": "release",
      "allowOverride": true
    },
    "BuildPlatform": {
      "value": "x86|x64|ARM",
      "allowOverride": true
    },
    "system.debug": {
      "value": "false",
      "allowOverride": true
    }
  },
  "retentionRules": [
    {
      "branches": [
        "+refs/heads/*"
      ],
      "artifacts": [

      ],
      "artifactTypesToDelete": [
        "FilePath",
        "SymbolStore"
      ],
      "daysToKeep": 10,
      "minimumToKeep": 1,
      "deleteBuildRecord": true,
      "deleteTestResults": true
    }
  ],

  "buildNumberFormat": "$(date:yyyyMMdd)$(rev:.r)",
  "jobAuthorizationScope": "projectCollection",
  "jobTimeoutInMinutes": 60,
  "badgeEnabled": true,
  "repository": {
    "properties": {
      "labelSources": "0",
      "reportBuildStatus": "true",
      "fetchDepth": "0",
      "gitLfsSupport": "false",
      "skipSyncSource": "false",
      "cleanOptions": "0"
    },
    "id": "$Acquaint$",
    "type": "TfsGit",
    "name": "Acquaint",
    "url": "https://devops-mobile.visualstudio.com/_git/Acquaint",
    "defaultBranch": "refs/heads/master",
    "clean": "false",
    "checkoutSubmodules": false
  },
  "quality": "definition",

  "queue": {
    "pool": {
      "name": "Hosted",
      "isHosted": true
    },
    "name": "Hosted"
  }

}