{
  "count": 43,
  "value": [
    {
      "id": 365,
      "rev": 1,
      "fields": {
        "System.AreaPath": "PartsUnlimited",
        "System.TeamProject": "PartsUnlimited",
        "System.IterationPath": "PartsUnlimited",
        "System.WorkItemType": "Test Case",
        "System.State": "Ready",
        "System.Reason": "Completed",
        "System.CreatedDate": "2017-03-02T12:14:20.593Z",
        "System.CreatedBy": "Sachin Raj <sachin77@outlook.com>",
        "System.ChangedDate": "2017-03-02T12:14:20.593Z",
        "System.ChangedBy": "Sachin Raj <sachin77@outlook.com>",
        "System.Title": "Enable reviews ",
        "Microsoft.VSTS.Scheduling.Effort": 0.0,
        "System.Description": null,
        "System.AssignedTo": "Sachin Raj <sachin77@outlook.com>",
        "Microsoft.VSTS.Scheduling.RemainingWork": 0.0,
        "Microsoft.VSTS.Common.Priority": 3.0,
        "System.BoardLane": null,
        "System.Tags": null,
        "Microsoft.VSTS.TCM.Steps": "<steps id=\"0\" last=\"7\"><step type=\"ActionStep\" id=\"2\"><parameterizedString isformatted=\"true\">&lt;DIV&gt;&lt;DIV&gt;&lt;P&gt;Start application&amp;nbsp;&lt;/P&gt;&lt;/DIV&gt;&lt;/DIV&gt;</parameterizedString><parameterizedString isformatted=\"true\">&lt;DIV&gt;&lt;P&gt;&amp;nbsp;&lt;/P&gt;&lt;/DIV&gt;</parameterizedString><description /></step><step type=\"ActionStep\" id=\"3\"><parameterizedString isformatted=\"true\">&lt;DIV&gt;&lt;DIV&gt;&lt;P&gt;Go to reviews&amp;nbsp;&lt;/P&gt;&lt;/DIV&gt;&lt;/DIV&gt;</parameterizedString><parameterizedString isformatted=\"true\">&lt;DIV&gt;&lt;P&gt;&amp;nbsp;&lt;/P&gt;&lt;/DIV&gt;</parameterizedString><description /></step><step type=\"ActionStep\" id=\"4\"><parameterizedString isformatted=\"true\">&lt;DIV&gt;&lt;P&gt;add a review&amp;nbsp;@review&lt;/P&gt;&lt;/DIV&gt;</parameterizedString><parameterizedString isformatted=\"true\">&lt;DIV&gt;&lt;P&gt;&amp;nbsp;&lt;/P&gt;&lt;/DIV&gt;</parameterizedString><description /></step><step type=\"ActionStep\" id=\"5\"><parameterizedString isformatted=\"true\">&lt;DIV&gt;&lt;DIV&gt;&lt;P&gt;add a question&amp;nbsp;&lt;/P&gt;&lt;/DIV&gt;&lt;/DIV&gt;</parameterizedString><parameterizedString isformatted=\"true\">&lt;DIV&gt;&lt;P&gt;&amp;nbsp;&lt;/P&gt;&lt;/DIV&gt;</parameterizedString><description /></step><step type=\"ActionStep\" id=\"6\"><parameterizedString isformatted=\"true\">&lt;DIV&gt;&lt;DIV&gt;&lt;P&gt;Add a kudo&amp;nbsp;&lt;/P&gt;&lt;/DIV&gt;&lt;/DIV&gt;</parameterizedString><parameterizedString isformatted=\"true\">&lt;DIV&gt;&lt;P&gt;&amp;nbsp;&lt;/P&gt;&lt;/DIV&gt;</parameterizedString><description /></step><step type=\"ActionStep\" id=\"7\"><parameterizedString isformatted=\"true\">&lt;DIV&gt;&lt;P&gt;Close&amp;nbsp;&lt;/P&gt;&lt;/DIV&gt;</parameterizedString><parameterizedString isformatted=\"true\">&lt;DIV&gt;&lt;P&gt;&amp;nbsp;&lt;/P&gt;&lt;/DIV&gt;</parameterizedString><description /></step></steps>",
        "Microsoft.VSTS.TCM.Parameters": "<parameters><param name=\"review\" bind=\"default\" /></parameters>",
        "Microsoft.VSTS.TCM.LocalDataSource": "{\"parameterMap\":[{\"localParamName\":\"review\",\"sharedParameterName\":\"review\",\"sharedParameterDataSetId\":3223}],\"sharedParameterDataSetIds\":[3223],\"rowMappingType\":0}",
        "Microsoft.VSTS.TCM.AutomationStatus": "Automated"
      },
      "relations": null,
      "url": "https://vstsdemodata.visualstudio.com/_apis/wit/workItems/365"
    },
    {
      "id": 366,
      "rev": 1,
      "fields": {
        "System.AreaPath": "PartsUnlimited",
        "System.TeamProject": "PartsUnlimited",
        "System.IterationPath": "PartsUnlimited",
        "System.WorkItemType": "Test Case",
        "System.State": "Ready",
        "System.Reason": "Completed",
        "System.CreatedDate": "2017-03-02T12:14:20.81Z",
        "System.CreatedBy": "Sachin Raj <sachin77@outlook.com>",
        "System.ChangedDate": "2017-03-02T12:14:20.81Z",
        "System.ChangedBy": "Sachin Raj <sachin77@outlook.com>",
        "System.Title": "Verify Branding",
        "Microsoft.VSTS.Scheduling.Effort": 0.0,
        "System.Description": null,
        "System.AssignedTo": "Sachin Raj <sachin77@outlook.com>",
        "Microsoft.VSTS.Scheduling.RemainingWork": 0.0,
        "Microsoft.VSTS.Common.Priority": 2.0,
        "System.BoardLane": null,
        "System.Tags": null,
        "Microsoft.VSTS.TCM.Steps": "<steps id=\"0\" last=\"3\"><step type=\"ActionStep\" id=\"2\"><parameterizedString isformatted=\"true\">&lt;DIV&gt;&lt;P&gt;Go to Page1&amp;nbsp;&lt;/P&gt;&lt;/DIV&gt;</parameterizedString><parameterizedString isformatted=\"true\">&lt;DIV&gt;&lt;P&gt;&amp;nbsp;&lt;/P&gt;&lt;/DIV&gt;</parameterizedString><description /></step><step type=\"ValidateStep\" id=\"3\"><parameterizedString isformatted=\"true\">&lt;DIV&gt;&lt;P&gt;&amp;nbsp;Check the brand at the top left corner&lt;/P&gt;&lt;/DIV&gt;</parameterizedString><parameterizedString isformatted=\"true\">&lt;P&gt;&amp;nbsp;Brand is represented correctly&lt;/P&gt;</parameterizedString><description /></step></steps>",
        "Microsoft.VSTS.TCM.Parameters": null,
        "Microsoft.VSTS.TCM.LocalDataSource": null,
        "Microsoft.VSTS.TCM.AutomationStatus": "Not Automated"
      },
      "relations": [
        {
          "rel": "Microsoft.VSTS.Common.TestedBy-Reverse",
          "url": "https://vstsdemodata.visualstudio.com/_apis/wit/workItems/317",
          "attributes": {
            "isLocked": "False",
            "comment": "Making a new link for the dependency"
          }
        },
        {
          "rel": "Microsoft.VSTS.Common.TestedBy-Reverse",
          "url": "https://vstsdemodata.visualstudio.com/_apis/wit/workItems/328",
          "attributes": {
            "isLocked": "False",
            "comment": "Making a new link for the dependency"
          }
        }
      ],
      "url": "https://vstsdemodata.visualstudio.com/_apis/wit/workItems/366"
    },
    {
      "id": 367,
      "rev": 1,
      "fields": {
        "System.AreaPath": "PartsUnlimited",
        "System.TeamProject": "PartsUnlimited",
        "System.IterationPath": "PartsUnlimited",
        "System.WorkItemType": "Test Case",
        "System.State": "Ready",
        "System.Reason": "Completed",
        "System.CreatedDate": "2017-03-02T12:14:20.983Z",
        "System.CreatedBy": "Sachin Raj <sachin77@outlook.com>",
        "System.ChangedDate": "2017-03-02T12:14:20.983Z",
        "System.ChangedBy": "Sachin Raj <sachin77@outlook.com>",
        "System.Title": "As a customer, I should be able to browse the web site",
        "Microsoft.VSTS.Scheduling.Effort": 0.0,
        "System.Description": null,
        "System.AssignedTo": "Sachin Raj <sachin77@outlook.com>",
        "Microsoft.VSTS.Scheduling.RemainingWork": 0.0,
        "Microsoft.VSTS.Common.Priority": 2.0,
        "System.BoardLane": null,
        "System.Tags": null,
        "Microsoft.VSTS.TCM.Steps": "<steps id=\"0\" last=\"5\"><step id=\"1\" type=\"ActionStep\"><parameterizedString isformatted=\"true\">&lt;DIV&gt;&lt;P&gt;Goto http://partsunlimiteddev.azurewebsites.net/&lt;/P&gt;&lt;/DIV&gt;</parameterizedString><parameterizedString isformatted=\"true\">&lt;DIV&gt;&lt;P /&gt;&lt;/DIV&gt;</parameterizedString><description></description></step><step id=\"2\" type=\"ValidateStep\"><parameterizedString isformatted=\"true\">&lt;DIV&gt;&lt;P&gt;Click Brakes&lt;/P&gt;&lt;/DIV&gt;</parameterizedString><parameterizedString isformatted=\"true\">&lt;DIV&gt;&lt;P&gt;Brakes will be shown&lt;/P&gt;&lt;/DIV&gt;</parameterizedString><description></description></step><step id=\"3\" type=\"ValidateStep\"><parameterizedString isformatted=\"true\">&lt;DIV&gt;&lt;P&gt;Click Lighting&lt;/P&gt;&lt;/DIV&gt;</parameterizedString><parameterizedString isformatted=\"true\">&lt;DIV&gt;&lt;P&gt;Lighting will be shown&lt;/P&gt;&lt;/DIV&gt;</parameterizedString><description></description></step><step id=\"4\" type=\"ValidateStep\"><parameterizedString isformatted=\"true\">&lt;DIV&gt;&lt;P&gt;Click &lt;SPAN STYLE=\"font-weight:bold;\"&gt;Batteries&lt;/SPAN&gt;&lt;/P&gt;&lt;/DIV&gt;</parameterizedString><parameterizedString isformatted=\"true\">&lt;DIV&gt;&lt;P&gt;Batteries will be shown&lt;/P&gt;&lt;/DIV&gt;</parameterizedString><description></description></step><step id=\"5\" type=\"ActionStep\"><parameterizedString isformatted=\"true\">&lt;DIV&gt;&lt;P /&gt;&lt;/DIV&gt;</parameterizedString><parameterizedString isformatted=\"true\">&lt;DIV&gt;&lt;P /&gt;&lt;/DIV&gt;</parameterizedString><description></description></step></steps>",
        "Microsoft.VSTS.TCM.Parameters": null,
        "Microsoft.VSTS.TCM.LocalDataSource": "<?xml version=\"1.0\" encoding=\"utf-16\"?>\n<NewDataSet>\n  <xs:schema id=\"NewDataSet\" xmlns=\"\" xmlns:xs=\"http://www.w3.org/2001/XMLSchema\" xmlns:msdata=\"urn:schemas-microsoft-com:xml-msdata\">\n    <xs:element name=\"NewDataSet\" msdata:IsDataSet=\"true\" msdata:Locale=\"\">\n      <xs:complexType>\n        <xs:choice minOccurs=\"0\" maxOccurs=\"unbounded\">\n          <xs:element name=\"Table1\">\n            <xs:complexType></xs:complexType>\n          </xs:element>\n        </xs:choice>\n      </xs:complexType>\n    </xs:element>\n  </xs:schema>\n</NewDataSet>",
        "Microsoft.VSTS.TCM.AutomationStatus": "Not Automated"
      },
      "relations": null,
      "url": "https://vstsdemodata.visualstudio.com/_apis/wit/workItems/367"
    },
    {
      "id": 368,
      "rev": 1,
      "fields": {
        "System.AreaPath": "PartsUnlimited",
        "System.TeamProject": "PartsUnlimited",
        "System.IterationPath": "PartsUnlimited",
        "System.WorkItemType": "Test Case",
        "System.State": "Design",
        "System.Reason": "New",
        "System.CreatedDate": "2017-03-02T12:14:21.203Z",
        "System.CreatedBy": "Sachin Raj <sachin77@outlook.com>",
        "System.ChangedDate": "2017-03-02T12:14:21.203Z",
        "System.ChangedBy": "Sachin Raj <sachin77@outlook.com>",
        "System.Title": "A new test case",
        "Microsoft.VSTS.Scheduling.Effort": 0.0,
        "System.Description": null,
        "System.AssignedTo": "Sachin Raj <sachin77@outlook.com>",
        "Microsoft.VSTS.Scheduling.RemainingWork": 0.0,
        "Microsoft.VSTS.Common.Priority": 2.0,
        "System.BoardLane": null,
        "System.Tags": null,
        "Microsoft.VSTS.TCM.Steps": null,
        "Microsoft.VSTS.TCM.Parameters": null,
        "Microsoft.VSTS.TCM.LocalDataSource": null,
        "Microsoft.VSTS.TCM.AutomationStatus": "Not Automated"
      },
      "relations": null,
      "url": "https://vstsdemodata.visualstudio.com/_apis/wit/workItems/368"
    },
    {
      "id": 369,
      "rev": 1,
      "fields": {
        "System.AreaPath": "PartsUnlimited",
        "System.TeamProject": "PartsUnlimited",
        "System.IterationPath": "PartsUnlimited",
        "System.WorkItemType": "Test Case",
        "System.State": "Design",
        "System.Reason": "New",
        "System.CreatedDate": "2017-03-02T12:14:21.407Z",
        "System.CreatedBy": "Sachin Raj <sachin77@outlook.com>",
        "System.ChangedDate": "2017-03-02T12:14:21.407Z",
        "System.ChangedBy": "Sachin Raj <sachin77@outlook.com>",
        "System.Title": "Underwater device Versions",
        "Microsoft.VSTS.Scheduling.Effort": 0.0,
        "System.Description": null,
        "System.AssignedTo": "Sachin Raj <sachin77@outlook.com>",
        "Microsoft.VSTS.Scheduling.RemainingWork": 0.0,
        "Microsoft.VSTS.Common.Priority": 2.0,
        "System.BoardLane": null,
        "System.Tags": null,
        "Microsoft.VSTS.TCM.Steps": null,
        "Microsoft.VSTS.TCM.Parameters": null,
        "Microsoft.VSTS.TCM.LocalDataSource": null,
        "Microsoft.VSTS.TCM.AutomationStatus": "Not Automated"
      },
      "relations": null,
      "url": "https://vstsdemodata.visualstudio.com/_apis/wit/workItems/369"
    },
    {
      "id": 370,
      "rev": 1,
      "fields": {
        "System.AreaPath": "PartsUnlimited",
        "System.TeamProject": "PartsUnlimited",
        "System.IterationPath": "PartsUnlimited",
        "System.WorkItemType": "Test Case",
        "System.State": "Design",
        "System.Reason": "New",
        "System.CreatedDate": "2017-03-02T12:14:21.61Z",
        "System.CreatedBy": "Sachin Raj <sachin77@outlook.com>",
        "System.ChangedDate": "2017-03-02T12:14:21.61Z",
        "System.ChangedBy": "Sachin Raj <sachin77@outlook.com>",
        "System.Title": "Test CD Runs",
        "Microsoft.VSTS.Scheduling.Effort": 0.0,
        "System.Description": null,
        "System.AssignedTo": "Sachin Raj <sachin77@outlook.com>",
        "Microsoft.VSTS.Scheduling.RemainingWork": 0.0,
        "Microsoft.VSTS.Common.Priority": 2.0,
        "System.BoardLane": null,
        "System.Tags": null,
        "Microsoft.VSTS.TCM.Steps": null,
        "Microsoft.VSTS.TCM.Parameters": null,
        "Microsoft.VSTS.TCM.LocalDataSource": null,
        "Microsoft.VSTS.TCM.AutomationStatus": "Not Automated"
      },
      "relations": null,
      "url": "https://vstsdemodata.visualstudio.com/_apis/wit/workItems/370"
    },
    {
      "id": 371,
      "rev": 1,
      "fields": {
        "System.AreaPath": "PartsUnlimited",
        "System.TeamProject": "PartsUnlimited",
        "System.IterationPath": "PartsUnlimited",
        "System.WorkItemType": "Test Case",
        "System.State": "Design",
        "System.Reason": "New",
        "System.CreatedDate": "2017-03-02T12:14:21.827Z",
        "System.CreatedBy": "Sachin Raj <sachin77@outlook.com>",
        "System.ChangedDate": "2017-03-02T12:14:21.827Z",
        "System.ChangedBy": "Sachin Raj <sachin77@outlook.com>",
        "System.Title": "Corbin Test",
        "Microsoft.VSTS.Scheduling.Effort": 0.0,
        "System.Description": null,
        "System.AssignedTo": "Sachin Raj <sachin77@outlook.com>",
        "Microsoft.VSTS.Scheduling.RemainingWork": 0.0,
        "Microsoft.VSTS.Common.Priority": 2.0,
        "System.BoardLane": null,
        "System.Tags": null,
        "Microsoft.VSTS.TCM.Steps": "<steps id=\"0\" last=\"9\"><step id=\"1\" type=\"ActionStep\"><parameterizedString isformatted=\"true\">&lt;DIV&gt;&lt;P&gt;one&lt;/P&gt;&lt;/DIV&gt;</parameterizedString><parameterizedString isformatted=\"true\">&lt;DIV&gt;&lt;P /&gt;&lt;/DIV&gt;</parameterizedString><description></description></step><step id=\"2\" type=\"ActionStep\"><parameterizedString isformatted=\"true\">&lt;DIV&gt;&lt;P&gt;two&lt;/P&gt;&lt;/DIV&gt;</parameterizedString><parameterizedString isformatted=\"true\">&lt;DIV&gt;&lt;P /&gt;&lt;/DIV&gt;</parameterizedString><description></description></step><step id=\"3\" type=\"ActionStep\"><parameterizedString isformatted=\"true\">&lt;DIV&gt;&lt;P&gt;sdafkj&lt;/P&gt;&lt;/DIV&gt;</parameterizedString><parameterizedString isformatted=\"true\">&lt;DIV&gt;&lt;P /&gt;&lt;/DIV&gt;</parameterizedString><description></description></step><step id=\"4\" type=\"ActionStep\"><parameterizedString isformatted=\"true\">&lt;DIV&gt;&lt;P&gt;af&lt;/P&gt;&lt;/DIV&gt;</parameterizedString><parameterizedString isformatted=\"true\">&lt;DIV&gt;&lt;P /&gt;&lt;/DIV&gt;</parameterizedString><description></description></step><step id=\"5\" type=\"ActionStep\"><parameterizedString isformatted=\"true\">&lt;DIV&gt;&lt;P&gt;asdf&lt;/P&gt;&lt;/DIV&gt;</parameterizedString><parameterizedString isformatted=\"true\">&lt;DIV&gt;&lt;P /&gt;&lt;/DIV&gt;</parameterizedString><description></description></step><step id=\"6\" type=\"ActionStep\"><parameterizedString isformatted=\"true\">&lt;DIV&gt;&lt;P /&gt;&lt;/DIV&gt;</parameterizedString><parameterizedString isformatted=\"true\">&lt;DIV&gt;&lt;P /&gt;&lt;/DIV&gt;</parameterizedString><description></description></step><step id=\"7\" type=\"ActionStep\"><parameterizedString isformatted=\"true\">&lt;DIV&gt;&lt;P /&gt;&lt;/DIV&gt;</parameterizedString><parameterizedString isformatted=\"true\">&lt;DIV&gt;&lt;P /&gt;&lt;/DIV&gt;</parameterizedString><description></description></step><step id=\"8\" type=\"ActionStep\"><parameterizedString isformatted=\"true\">&lt;DIV&gt;&lt;P&gt;sdafasdfasdf&lt;/P&gt;&lt;/DIV&gt;</parameterizedString><parameterizedString isformatted=\"true\">&lt;DIV&gt;&lt;P /&gt;&lt;/DIV&gt;</parameterizedString><description></description></step><step id=\"9\" type=\"ActionStep\"><parameterizedString isformatted=\"true\"></parameterizedString><parameterizedString isformatted=\"true\"></parameterizedString><description /></step></steps>",
        "Microsoft.VSTS.TCM.Parameters": null,
        "Microsoft.VSTS.TCM.LocalDataSource": "<?xml version=\"1.0\" encoding=\"utf-16\"?>\n<NewDataSet>\n  <xs:schema id=\"NewDataSet\" xmlns=\"\" xmlns:xs=\"http://www.w3.org/2001/XMLSchema\" xmlns:msdata=\"urn:schemas-microsoft-com:xml-msdata\">\n    <xs:element name=\"NewDataSet\" msdata:IsDataSet=\"true\" msdata:Locale=\"\">\n      <xs:complexType>\n        <xs:choice minOccurs=\"0\" maxOccurs=\"unbounded\">\n          <xs:element name=\"Table1\">\n            <xs:complexType></xs:complexType>\n          </xs:element>\n        </xs:choice>\n      </xs:complexType>\n    </xs:element>\n  </xs:schema>\n</NewDataSet>",
        "Microsoft.VSTS.TCM.AutomationStatus": "Automated"
      },
      "relations": null,
      "url": "https://vstsdemodata.visualstudio.com/_apis/wit/workItems/371"
    },
    {
      "id": 372,
      "rev": 1,
      "fields": {
        "System.AreaPath": "PartsUnlimited",
        "System.TeamProject": "PartsUnlimited",
        "System.IterationPath": "PartsUnlimited",
        "System.WorkItemType": "Test Case",
        "System.State": "Design",
        "System.Reason": "New",
        "System.CreatedDate": "2017-03-02T12:14:22.047Z",
        "System.CreatedBy": "Sachin Raj <sachin77@outlook.com>",
        "System.ChangedDate": "2017-03-02T12:14:22.047Z",
        "System.ChangedBy": "Sachin Raj <sachin77@outlook.com>",
        "System.Title": "Verify new category navigation and IA is working as expected",
        "Microsoft.VSTS.Scheduling.Effort": 0.0,
        "System.Description": null,
        "System.AssignedTo": "Sachin Raj <sachin77@outlook.com>",
        "Microsoft.VSTS.Scheduling.RemainingWork": 0.0,
        "Microsoft.VSTS.Common.Priority": 2.0,
        "System.BoardLane": null,
        "System.Tags": null,
        "Microsoft.VSTS.TCM.Steps": null,
        "Microsoft.VSTS.TCM.Parameters": null,
        "Microsoft.VSTS.TCM.LocalDataSource": null,
        "Microsoft.VSTS.TCM.AutomationStatus": "Not Automated"
      },
      "relations": null,
      "url": "https://vstsdemodata.visualstudio.com/_apis/wit/workItems/372"
    },
    {
      "id": 373,
      "rev": 1,
      "fields": {
        "System.AreaPath": "PartsUnlimited",
        "System.TeamProject": "PartsUnlimited",
        "System.IterationPath": "PartsUnlimited",
        "System.WorkItemType": "Test Case",
        "System.State": "Design",
        "System.Reason": "New",
        "System.CreatedDate": "2017-03-02T12:14:22.203Z",
        "System.CreatedBy": "Sachin Raj <sachin77@outlook.com>",
        "System.ChangedDate": "2017-03-02T12:14:22.203Z",
        "System.ChangedBy": "Sachin Raj <sachin77@outlook.com>",
        "System.Title": "please make sure Oil is branding",
        "Microsoft.VSTS.Scheduling.Effort": 0.0,
        "System.Description": null,
        "System.AssignedTo": "Sachin Raj <sachin77@outlook.com>",
        "Microsoft.VSTS.Scheduling.RemainingWork": 0.0,
        "Microsoft.VSTS.Common.Priority": 2.0,
        "System.BoardLane": null,
        "System.Tags": null,
        "Microsoft.VSTS.TCM.Steps": "<steps id=\"0\" last=\"2\"><step id=\"1\" type=\"ActionStep\"><parameterizedString isformatted=\"true\">&lt;DIV&gt;&lt;P&gt;Click on link &#39;Lighting&#39;.&lt;/P&gt;&lt;/DIV&gt;</parameterizedString><parameterizedString isformatted=\"true\"></parameterizedString><description /></step><step id=\"2\" type=\"ActionStep\"><parameterizedString isformatted=\"true\">&lt;DIV&gt;&lt;P&gt;Click on link &#39;Wheels &amp; Tires&#39;.&lt;/P&gt;&lt;/DIV&gt;</parameterizedString><parameterizedString isformatted=\"true\"></parameterizedString><description /></step></steps>",
        "Microsoft.VSTS.TCM.Parameters": null,
        "Microsoft.VSTS.TCM.LocalDataSource": null,
        "Microsoft.VSTS.TCM.AutomationStatus": "Not Automated"
      },
      "relations": null,
      "url": "https://vstsdemodata.visualstudio.com/_apis/wit/workItems/373"
    },
    {
      "id": 374,
      "rev": 1,
      "fields": {
        "System.AreaPath": "PartsUnlimited",
        "System.TeamProject": "PartsUnlimited",
        "System.IterationPath": "PartsUnlimited",
        "System.WorkItemType": "Test Case",
        "System.State": "Design",
        "System.Reason": "New",
        "System.CreatedDate": "2017-03-02T12:14:22.437Z",
        "System.CreatedBy": "Sachin Raj <sachin77@outlook.com>",
        "System.ChangedDate": "2017-03-02T12:14:22.437Z",
        "System.ChangedBy": "Sachin Raj <sachin77@outlook.com>",
        "System.Title": "IOT Telemetry of products",
        "Microsoft.VSTS.Scheduling.Effort": 0.0,
        "System.Description": null,
        "System.AssignedTo": "Sachin Raj <sachin77@outlook.com>",
        "Microsoft.VSTS.Scheduling.RemainingWork": 0.0,
        "Microsoft.VSTS.Common.Priority": 2.0,
        "System.BoardLane": null,
        "System.Tags": null,
        "Microsoft.VSTS.TCM.Steps": null,
        "Microsoft.VSTS.TCM.Parameters": null,
        "Microsoft.VSTS.TCM.LocalDataSource": "<?xml version=\"1.0\" encoding=\"utf-16\"?>\n<NewDataSet>\n  <xs:schema id=\"NewDataSet\" xmlns=\"\" xmlns:xs=\"http://www.w3.org/2001/XMLSchema\" xmlns:msdata=\"urn:schemas-microsoft-com:xml-msdata\">\n    <xs:element name=\"NewDataSet\" msdata:IsDataSet=\"true\" msdata:Locale=\"\">\n      <xs:complexType>\n        <xs:choice minOccurs=\"0\" maxOccurs=\"unbounded\">\n          <xs:element name=\"Table1\">\n            <xs:complexType></xs:complexType>\n          </xs:element>\n        </xs:choice>\n      </xs:complexType>\n    </xs:element>\n  </xs:schema>\n</NewDataSet>",
        "Microsoft.VSTS.TCM.AutomationStatus": "Automated"
      },
      "relations": null,
      "url": "https://vstsdemodata.visualstudio.com/_apis/wit/workItems/374"
    },
    {
      "id": 375,
      "rev": 1,
      "fields": {
        "System.AreaPath": "PartsUnlimited",
        "System.TeamProject": "PartsUnlimited",
        "System.IterationPath": "PartsUnlimited",
        "System.WorkItemType": "Test Case",
        "System.State": "Design",
        "System.Reason": "New",
        "System.CreatedDate": "2017-03-02T12:14:22.67Z",
        "System.CreatedBy": "Sachin Raj <sachin77@outlook.com>",
        "System.ChangedDate": "2017-03-02T12:14:22.67Z",
        "System.ChangedBy": "Sachin Raj <sachin77@outlook.com>",
        "System.Title": "Navigation Test Case",
        "Microsoft.VSTS.Scheduling.Effort": 0.0,
        "System.Description": null,
        "System.AssignedTo": "Sachin Raj <sachin77@outlook.com>",
        "Microsoft.VSTS.Scheduling.RemainingWork": 0.0,
        "Microsoft.VSTS.Common.Priority": 1.0,
        "System.BoardLane": null,
        "System.Tags": null,
        "Microsoft.VSTS.TCM.Steps": null,
        "Microsoft.VSTS.TCM.Parameters": null,
        "Microsoft.VSTS.TCM.LocalDataSource": null,
        "Microsoft.VSTS.TCM.AutomationStatus": "Not Automated"
      },
      "relations": null,
      "url": "https://vstsdemodata.visualstudio.com/_apis/wit/workItems/375"
    },
    {
      "id": 376,
      "rev": 1,
      "fields": {
        "System.AreaPath": "PartsUnlimited",
        "System.TeamProject": "PartsUnlimited",
        "System.IterationPath": "PartsUnlimited",
        "System.WorkItemType": "Test Case",
        "System.State": "Design",
        "System.Reason": "New",
        "System.CreatedDate": "2017-03-02T12:14:22.873Z",
        "System.CreatedBy": "Sachin Raj <sachin77@outlook.com>",
        "System.ChangedDate": "2017-03-02T12:14:22.873Z",
        "System.ChangedBy": "Sachin Raj <sachin77@outlook.com>",
        "System.Title": "Test Azure Creation",
        "Microsoft.VSTS.Scheduling.Effort": 0.0,
        "System.Description": null,
        "System.AssignedTo": "Sachin Raj <sachin77@outlook.com>",
        "Microsoft.VSTS.Scheduling.RemainingWork": 0.0,
        "Microsoft.VSTS.Common.Priority": 1.0,
        "System.BoardLane": null,
        "System.Tags": null,
        "Microsoft.VSTS.TCM.Steps": null,
        "Microsoft.VSTS.TCM.Parameters": null,
        "Microsoft.VSTS.TCM.LocalDataSource": null,
        "Microsoft.VSTS.TCM.AutomationStatus": "Not Automated"
      },
      "relations": null,
      "url": "https://vstsdemodata.visualstudio.com/_apis/wit/workItems/376"
    },
    {
      "id": 377,
      "rev": 1,
      "fields": {
        "System.AreaPath": "PartsUnlimited",
        "System.TeamProject": "PartsUnlimited",
        "System.IterationPath": "PartsUnlimited",
        "System.WorkItemType": "Test Case",
        "System.State": "Design",
        "System.Reason": "New",
        "System.CreatedDate": "2017-03-02T12:14:23.077Z",
        "System.CreatedBy": "Sachin Raj <sachin77@outlook.com>",
        "System.ChangedDate": "2017-03-02T12:14:23.077Z",
        "System.ChangedBy": "Sachin Raj <sachin77@outlook.com>",
        "System.Title": "Test CD Runs",
        "Microsoft.VSTS.Scheduling.Effort": 0.0,
        "System.Description": null,
        "System.AssignedTo": "Sachin Raj <sachin77@outlook.com>",
        "Microsoft.VSTS.Scheduling.RemainingWork": 0.0,
        "Microsoft.VSTS.Common.Priority": 1.0,
        "System.BoardLane": null,
        "System.Tags": null,
        "Microsoft.VSTS.TCM.Steps": null,
        "Microsoft.VSTS.TCM.Parameters": null,
        "Microsoft.VSTS.TCM.LocalDataSource": null,
        "Microsoft.VSTS.TCM.AutomationStatus": "Not Automated"
      },
      "relations": null,
      "url": "https://vstsdemodata.visualstudio.com/_apis/wit/workItems/377"
    },
    {
      "id": 378,
      "rev": 1,
      "fields": {
        "System.AreaPath": "PartsUnlimited",
        "System.TeamProject": "PartsUnlimited",
        "System.IterationPath": "PartsUnlimited",
        "System.WorkItemType": "Test Case",
        "System.State": "Design",
        "System.Reason": "New",
        "System.CreatedDate": "2017-03-02T12:14:23.31Z",
        "System.CreatedBy": "Sachin Raj <sachin77@outlook.com>",
        "System.ChangedDate": "2017-03-02T12:14:23.31Z",
        "System.ChangedBy": "Sachin Raj <sachin77@outlook.com>",
        "System.Title": "Reviews",
        "Microsoft.VSTS.Scheduling.Effort": 0.0,
        "System.Description": null,
        "System.AssignedTo": "Sachin Raj <sachin77@outlook.com>",
        "Microsoft.VSTS.Scheduling.RemainingWork": 0.0,
        "Microsoft.VSTS.Common.Priority": 4.0,
        "System.BoardLane": null,
        "System.Tags": null,
        "Microsoft.VSTS.TCM.Steps": "<steps id=\"0\" last=\"4\"><step type=\"ActionStep\" id=\"2\"><parameterizedString isformatted=\"true\">&lt;DIV&gt;&lt;DIV&gt;&lt;P&gt;Start App&amp;nbsp;&lt;/P&gt;&lt;/DIV&gt;&lt;/DIV&gt;</parameterizedString><parameterizedString isformatted=\"true\">&lt;DIV&gt;&lt;P&gt;&amp;nbsp;&lt;/P&gt;&lt;/DIV&gt;</parameterizedString><description /></step><step type=\"ActionStep\" id=\"3\"><parameterizedString isformatted=\"true\">&lt;DIV&gt;&lt;DIV&gt;&lt;P&gt;Go to tires&amp;nbsp;&lt;/P&gt;&lt;/DIV&gt;&lt;/DIV&gt;</parameterizedString><parameterizedString isformatted=\"true\">&lt;DIV&gt;&lt;P&gt;&amp;nbsp;&lt;/P&gt;&lt;/DIV&gt;</parameterizedString><description /></step><step type=\"ActionStep\" id=\"4\"><parameterizedString isformatted=\"true\">&lt;DIV&gt;&lt;P&gt;Add a Review&amp;nbsp;&lt;/P&gt;&lt;/DIV&gt;</parameterizedString><parameterizedString isformatted=\"true\">&lt;DIV&gt;&lt;P&gt;&amp;nbsp;&lt;/P&gt;&lt;/DIV&gt;</parameterizedString><description /></step></steps>",
        "Microsoft.VSTS.TCM.Parameters": null,
        "Microsoft.VSTS.TCM.LocalDataSource": null,
        "Microsoft.VSTS.TCM.AutomationStatus": "Automated"
      },
      "relations": null,
      "url": "https://vstsdemodata.visualstudio.com/_apis/wit/workItems/378"
    },
    {
      "id": 379,
      "rev": 1,
      "fields": {
        "System.AreaPath": "PartsUnlimited",
        "System.TeamProject": "PartsUnlimited",
        "System.IterationPath": "PartsUnlimited",
        "System.WorkItemType": "Test Case",
        "System.State": "Design",
        "System.Reason": "New",
        "System.CreatedDate": "2017-03-02T12:14:23.513Z",
        "System.CreatedBy": "Sachin Raj <sachin77@outlook.com>",
        "System.ChangedDate": "2017-03-02T12:14:23.513Z",
        "System.ChangedBy": "Sachin Raj <sachin77@outlook.com>",
        "System.Title": "Test CI Runs",
        "Microsoft.VSTS.Scheduling.Effort": 0.0,
        "System.Description": null,
        "System.AssignedTo": "Sachin Raj <sachin77@outlook.com>",
        "Microsoft.VSTS.Scheduling.RemainingWork": 0.0,
        "Microsoft.VSTS.Common.Priority": 2.0,
        "System.BoardLane": null,
        "System.Tags": null,
        "Microsoft.VSTS.TCM.Steps": null,
        "Microsoft.VSTS.TCM.Parameters": null,
        "Microsoft.VSTS.TCM.LocalDataSource": null,
        "Microsoft.VSTS.TCM.AutomationStatus": "Not Automated"
      },
      "relations": null,
      "url": "https://vstsdemodata.visualstudio.com/_apis/wit/workItems/379"
    },
    {
      "id": 380,
      "rev": 1,
      "fields": {
        "System.AreaPath": "PartsUnlimited",
        "System.TeamProject": "PartsUnlimited",
        "System.IterationPath": "PartsUnlimited",
        "System.WorkItemType": "Test Case",
        "System.State": "Design",
        "System.Reason": "New",
        "System.CreatedDate": "2017-03-02T12:14:23.75Z",
        "System.CreatedBy": "Sachin Raj <sachin77@outlook.com>",
        "System.ChangedDate": "2017-03-02T12:14:23.75Z",
        "System.ChangedBy": "Sachin Raj <sachin77@outlook.com>",
        "System.Title": "Native App versions",
        "Microsoft.VSTS.Scheduling.Effort": 0.0,
        "System.Description": null,
        "System.AssignedTo": "Sachin Raj <sachin77@outlook.com>",
        "Microsoft.VSTS.Scheduling.RemainingWork": 0.0,
        "Microsoft.VSTS.Common.Priority": 2.0,
        "System.BoardLane": null,
        "System.Tags": null,
        "Microsoft.VSTS.TCM.Steps": null,
        "Microsoft.VSTS.TCM.Parameters": null,
        "Microsoft.VSTS.TCM.LocalDataSource": null,
        "Microsoft.VSTS.TCM.AutomationStatus": "Not Automated"
      },
      "relations": null,
      "url": "https://vstsdemodata.visualstudio.com/_apis/wit/workItems/380"
    },
    {
      "id": 381,
      "rev": 1,
      "fields": {
        "System.AreaPath": "PartsUnlimited",
        "System.TeamProject": "PartsUnlimited",
        "System.IterationPath": "PartsUnlimited",
        "System.WorkItemType": "Test Case",
        "System.State": "Design",
        "System.Reason": "New",
        "System.CreatedDate": "2017-03-02T12:14:23.983Z",
        "System.CreatedBy": "Sachin Raj <sachin77@outlook.com>",
        "System.ChangedDate": "2017-03-02T12:14:23.983Z",
        "System.ChangedBy": "Sachin Raj <sachin77@outlook.com>",
        "System.Title": "Performance of purchasing",
        "Microsoft.VSTS.Scheduling.Effort": 0.0,
        "System.Description": null,
        "System.AssignedTo": "Sachin Raj <sachin77@outlook.com>",
        "Microsoft.VSTS.Scheduling.RemainingWork": 0.0,
        "Microsoft.VSTS.Common.Priority": 2.0,
        "System.BoardLane": null,
        "System.Tags": null,
        "Microsoft.VSTS.TCM.Steps": null,
        "Microsoft.VSTS.TCM.Parameters": null,
        "Microsoft.VSTS.TCM.LocalDataSource": null,
        "Microsoft.VSTS.TCM.AutomationStatus": "Not Automated"
      },
      "relations": [
        {
          "rel": "Microsoft.VSTS.Common.TestedBy-Reverse",
          "url": "https://vstsdemodata.visualstudio.com/_apis/wit/workItems/317",
          "attributes": {
            "isLocked": "False",
            "comment": "Making a new link for the dependency"
          }
        },
        {
          "rel": "Microsoft.VSTS.Common.TestedBy-Reverse",
          "url": "https://vstsdemodata.visualstudio.com/_apis/wit/workItems/328",
          "attributes": {
            "isLocked": "False",
            "comment": "Making a new link for the dependency"
          }
        }
      ],
      "url": "https://vstsdemodata.visualstudio.com/_apis/wit/workItems/381"
    },
    {
      "id": 382,
      "rev": 1,
      "fields": {
        "System.AreaPath": "PartsUnlimited",
        "System.TeamProject": "PartsUnlimited",
        "System.IterationPath": "PartsUnlimited",
        "System.WorkItemType": "Test Case",
        "System.State": "Design",
        "System.Reason": "New",
        "System.CreatedDate": "2017-03-02T12:14:24.203Z",
        "System.CreatedBy": "Sachin Raj <sachin77@outlook.com>",
        "System.ChangedDate": "2017-03-02T12:14:24.203Z",
        "System.ChangedBy": "Sachin Raj <sachin77@outlook.com>",
        "System.Title": "Internationalization Test Case",
        "Microsoft.VSTS.Scheduling.Effort": 0.0,
        "System.Description": null,
        "System.AssignedTo": "Sachin Raj <sachin77@outlook.com>",
        "Microsoft.VSTS.Scheduling.RemainingWork": 0.0,
        "Microsoft.VSTS.Common.Priority": 2.0,
        "System.BoardLane": null,
        "System.Tags": null,
        "Microsoft.VSTS.TCM.Steps": null,
        "Microsoft.VSTS.TCM.Parameters": null,
        "Microsoft.VSTS.TCM.LocalDataSource": null,
        "Microsoft.VSTS.TCM.AutomationStatus": "Not Automated"
      },
      "relations": [
        {
          "rel": "Microsoft.VSTS.Common.TestedBy-Reverse",
          "url": "https://vstsdemodata.visualstudio.com/_apis/wit/workItems/317",
          "attributes": {
            "isLocked": "False",
            "comment": "Making a new link for the dependency"
          }
        },
        {
          "rel": "Microsoft.VSTS.Common.TestedBy-Reverse",
          "url": "https://vstsdemodata.visualstudio.com/_apis/wit/workItems/328",
          "attributes": {
            "isLocked": "False",
            "comment": "Making a new link for the dependency"
          }
        }
      ],
      "url": "https://vstsdemodata.visualstudio.com/_apis/wit/workItems/382"
    },
    {
      "id": 383,
      "rev": 1,
      "fields": {
        "System.AreaPath": "PartsUnlimited",
        "System.TeamProject": "PartsUnlimited",
        "System.IterationPath": "PartsUnlimited",
        "System.WorkItemType": "Test Case",
        "System.State": "Design",
        "System.Reason": "New",
        "System.CreatedDate": "2017-03-02T12:14:24.437Z",
        "System.CreatedBy": "Sachin Raj <sachin77@outlook.com>",
        "System.ChangedDate": "2017-03-02T12:14:24.437Z",
        "System.ChangedBy": "Sachin Raj <sachin77@outlook.com>",
        "System.Title": "Response SLA verifcatino",
        "Microsoft.VSTS.Scheduling.Effort": 0.0,
        "System.Description": null,
        "System.AssignedTo": "Sachin Raj <sachin77@outlook.com>",
        "Microsoft.VSTS.Scheduling.RemainingWork": 0.0,
        "Microsoft.VSTS.Common.Priority": 2.0,
        "System.BoardLane": null,
        "System.Tags": null,
        "Microsoft.VSTS.TCM.Steps": null,
        "Microsoft.VSTS.TCM.Parameters": null,
        "Microsoft.VSTS.TCM.LocalDataSource": null,
        "Microsoft.VSTS.TCM.AutomationStatus": "Not Automated"
      },
      "relations": [
        {
          "rel": "Microsoft.VSTS.Common.TestedBy-Reverse",
          "url": "https://vstsdemodata.visualstudio.com/_apis/wit/workItems/317",
          "attributes": {
            "isLocked": "False",
            "comment": "Making a new link for the dependency"
          }
        }
      ],
      "url": "https://vstsdemodata.visualstudio.com/_apis/wit/workItems/383"
    },
    {
      "id": 384,
      "rev": 1,
      "fields": {
        "System.AreaPath": "PartsUnlimited",
        "System.TeamProject": "PartsUnlimited",
        "System.IterationPath": "PartsUnlimited",
        "System.WorkItemType": "Test Case",
        "System.State": "Design",
        "System.Reason": "New",
        "System.CreatedDate": "2017-03-02T12:14:24.64Z",
        "System.CreatedBy": "Sachin Raj <sachin77@outlook.com>",
        "System.ChangedDate": "2017-03-02T12:14:24.64Z",
        "System.ChangedBy": "Sachin Raj <sachin77@outlook.com>",
        "System.Title": "Performance of Categories",
        "Microsoft.VSTS.Scheduling.Effort": 0.0,
        "System.Description": null,
        "System.AssignedTo": "Sachin Raj <sachin77@outlook.com>",
        "Microsoft.VSTS.Scheduling.RemainingWork": 0.0,
        "Microsoft.VSTS.Common.Priority": 2.0,
        "System.BoardLane": null,
        "System.Tags": null,
        "Microsoft.VSTS.TCM.Steps": null,
        "Microsoft.VSTS.TCM.Parameters": null,
        "Microsoft.VSTS.TCM.LocalDataSource": null,
        "Microsoft.VSTS.TCM.AutomationStatus": "Not Automated"
      },
      "relations": [
        {
          "rel": "Microsoft.VSTS.Common.TestedBy-Reverse",
          "url": "https://vstsdemodata.visualstudio.com/_apis/wit/workItems/317",
          "attributes": {
            "isLocked": "False",
            "comment": "Making a new link for the dependency"
          }
        },
        {
          "rel": "Microsoft.VSTS.Common.TestedBy-Reverse",
          "url": "https://vstsdemodata.visualstudio.com/_apis/wit/workItems/328",
          "attributes": {
            "isLocked": "False",
            "comment": "Making a new link for the dependency"
          }
        }
      ],
      "url": "https://vstsdemodata.visualstudio.com/_apis/wit/workItems/384"
    },
    {
      "id": 385,
      "rev": 1,
      "fields": {
        "System.AreaPath": "PartsUnlimited",
        "System.TeamProject": "PartsUnlimited",
        "System.IterationPath": "PartsUnlimited",
        "System.WorkItemType": "Test Case",
        "System.State": "Design",
        "System.Reason": "New",
        "System.CreatedDate": "2017-03-02T12:14:24.843Z",
        "System.CreatedBy": "Sachin Raj <sachin77@outlook.com>",
        "System.ChangedDate": "2017-03-02T12:14:24.843Z",
        "System.ChangedBy": "Sachin Raj <sachin77@outlook.com>",
        "System.Title": "Test CI Runs",
        "Microsoft.VSTS.Scheduling.Effort": 0.0,
        "System.Description": null,
        "System.AssignedTo": "Sachin Raj <sachin77@outlook.com>",
        "Microsoft.VSTS.Scheduling.RemainingWork": 0.0,
        "Microsoft.VSTS.Common.Priority": 2.0,
        "System.BoardLane": null,
        "System.Tags": null,
        "Microsoft.VSTS.TCM.Steps": null,
        "Microsoft.VSTS.TCM.Parameters": null,
        "Microsoft.VSTS.TCM.LocalDataSource": null,
        "Microsoft.VSTS.TCM.AutomationStatus": "Not Automated"
      },
      "relations": null,
      "url": "https://vstsdemodata.visualstudio.com/_apis/wit/workItems/385"
    },
    {
      "id": 386,
      "rev": 1,
      "fields": {
        "System.AreaPath": "PartsUnlimited",
        "System.TeamProject": "PartsUnlimited",
        "System.IterationPath": "PartsUnlimited",
        "System.WorkItemType": "Test Case",
        "System.State": "Design",
        "System.Reason": "New",
        "System.CreatedDate": "2017-03-02T12:14:25.06Z",
        "System.CreatedBy": "Sachin Raj <sachin77@outlook.com>",
        "System.ChangedDate": "2017-03-02T12:14:25.06Z",
        "System.ChangedBy": "Sachin Raj <sachin77@outlook.com>",
        "System.Title": "Test Azure Website Creation",
        "Microsoft.VSTS.Scheduling.Effort": 0.0,
        "System.Description": null,
        "System.AssignedTo": "Sachin Raj <sachin77@outlook.com>",
        "Microsoft.VSTS.Scheduling.RemainingWork": 0.0,
        "Microsoft.VSTS.Common.Priority": 4.0,
        "System.BoardLane": null,
        "System.Tags": null,
        "Microsoft.VSTS.TCM.Steps": null,
        "Microsoft.VSTS.TCM.Parameters": null,
        "Microsoft.VSTS.TCM.LocalDataSource": null,
        "Microsoft.VSTS.TCM.AutomationStatus": "Not Automated"
      },
      "relations": null,
      "url": "https://vstsdemodata.visualstudio.com/_apis/wit/workItems/386"
    },
    {
      "id": 387,
      "rev": 1,
      "fields": {
        "System.AreaPath": "PartsUnlimited",
        "System.TeamProject": "PartsUnlimited",
        "System.IterationPath": "PartsUnlimited",
        "System.WorkItemType": "Test Case",
        "System.State": "Design",
        "System.Reason": "New",
        "System.CreatedDate": "2017-03-02T12:14:25.297Z",
        "System.CreatedBy": "Sachin Raj <sachin77@outlook.com>",
        "System.ChangedDate": "2017-03-02T12:14:25.297Z",
        "System.ChangedBy": "Sachin Raj <sachin77@outlook.com>",
        "System.Title": "Test End to End Automation",
        "Microsoft.VSTS.Scheduling.Effort": 0.0,
        "System.Description": null,
        "System.AssignedTo": "Sachin Raj <sachin77@outlook.com>",
        "Microsoft.VSTS.Scheduling.RemainingWork": 0.0,
        "Microsoft.VSTS.Common.Priority": 4.0,
        "System.BoardLane": null,
        "System.Tags": null,
        "Microsoft.VSTS.TCM.Steps": null,
        "Microsoft.VSTS.TCM.Parameters": null,
        "Microsoft.VSTS.TCM.LocalDataSource": null,
        "Microsoft.VSTS.TCM.AutomationStatus": "Not Automated"
      },
      "relations": null,
      "url": "https://vstsdemodata.visualstudio.com/_apis/wit/workItems/387"
    },
    {
      "id": 388,
      "rev": 1,
      "fields": {
        "System.AreaPath": "PartsUnlimited",
        "System.TeamProject": "PartsUnlimited",
        "System.IterationPath": "PartsUnlimited",
        "System.WorkItemType": "Test Case",
        "System.State": "Design",
        "System.Reason": "New",
        "System.CreatedDate": "2017-03-02T12:14:25.5Z",
        "System.CreatedBy": "Sachin Raj <sachin77@outlook.com>",
        "System.ChangedDate": "2017-03-02T12:14:25.5Z",
        "System.ChangedBy": "Sachin Raj <sachin77@outlook.com>",
        "System.Title": "please tgest new tire category ...in green",
        "Microsoft.VSTS.Scheduling.Effort": 0.0,
        "System.Description": null,
        "System.AssignedTo": "Sachin Raj <sachin77@outlook.com>",
        "Microsoft.VSTS.Scheduling.RemainingWork": 0.0,
        "Microsoft.VSTS.Common.Priority": 2.0,
        "System.BoardLane": null,
        "System.Tags": null,
        "Microsoft.VSTS.TCM.Steps": "<steps id=\"0\" last=\"2\"><step id=\"1\" type=\"ActionStep\"><parameterizedString isformatted=\"true\">&lt;DIV&gt;&lt;P&gt;Click on link &#39;Lighting&#39;.&lt;/P&gt;&lt;/DIV&gt;</parameterizedString><parameterizedString isformatted=\"true\"></parameterizedString><description /></step><step id=\"2\" type=\"ActionStep\"><parameterizedString isformatted=\"true\">&lt;DIV&gt;&lt;P&gt;Click on link &#39;Wheels &amp; Tires&#39;.&lt;/P&gt;&lt;/DIV&gt;</parameterizedString><parameterizedString isformatted=\"true\"></parameterizedString><description /></step></steps>",
        "Microsoft.VSTS.TCM.Parameters": null,
        "Microsoft.VSTS.TCM.LocalDataSource": null,
        "Microsoft.VSTS.TCM.AutomationStatus": "Not Automated"
      },
      "relations": null,
      "url": "https://vstsdemodata.visualstudio.com/_apis/wit/workItems/388"
    },
    {
      "id": 389,
      "rev": 1,
      "fields": {
        "System.AreaPath": "PartsUnlimited",
        "System.TeamProject": "PartsUnlimited",
        "System.IterationPath": "PartsUnlimited",
        "System.WorkItemType": "Test Case",
        "System.State": "Design",
        "System.Reason": "New",
        "System.CreatedDate": "2017-03-02T12:14:25.72Z",
        "System.CreatedBy": "Sachin Raj <sachin77@outlook.com>",
        "System.ChangedDate": "2017-03-02T12:14:25.72Z",
        "System.ChangedBy": "Sachin Raj <sachin77@outlook.com>",
        "System.Title": "Capacity verification",
        "Microsoft.VSTS.Scheduling.Effort": 0.0,
        "System.Description": null,
        "System.AssignedTo": "Sachin Raj <sachin77@outlook.com>",
        "Microsoft.VSTS.Scheduling.RemainingWork": 0.0,
        "Microsoft.VSTS.Common.Priority": 2.0,
        "System.BoardLane": null,
        "System.Tags": null,
        "Microsoft.VSTS.TCM.Steps": null,
        "Microsoft.VSTS.TCM.Parameters": null,
        "Microsoft.VSTS.TCM.LocalDataSource": null,
        "Microsoft.VSTS.TCM.AutomationStatus": "Not Automated"
      },
      "relations": [
        {
          "rel": "Microsoft.VSTS.Common.TestedBy-Reverse",
          "url": "https://vstsdemodata.visualstudio.com/_apis/wit/workItems/317",
          "attributes": {
            "isLocked": "False",
            "comment": "Making a new link for the dependency"
          }
        }
      ],
      "url": "https://vstsdemodata.visualstudio.com/_apis/wit/workItems/389"
    },
    {
      "id": 390,
      "rev": 1,
      "fields": {
        "System.AreaPath": "PartsUnlimited",
        "System.TeamProject": "PartsUnlimited",
        "System.IterationPath": "PartsUnlimited",
        "System.WorkItemType": "Test Case",
        "System.State": "Design",
        "System.Reason": "New",
        "System.CreatedDate": "2017-03-02T12:14:25.937Z",
        "System.CreatedBy": "Sachin Raj <sachin77@outlook.com>",
        "System.ChangedDate": "2017-03-02T12:14:25.937Z",
        "System.ChangedBy": "Sachin Raj <sachin77@outlook.com>",
        "System.Title": "VS Bug",
        "Microsoft.VSTS.Scheduling.Effort": 0.0,
        "System.Description": null,
        "System.AssignedTo": "Sachin Raj <sachin77@outlook.com>",
        "Microsoft.VSTS.Scheduling.RemainingWork": 0.0,
        "Microsoft.VSTS.Common.Priority": 1.0,
        "System.BoardLane": null,
        "System.Tags": null,
        "Microsoft.VSTS.TCM.Steps": null,
        "Microsoft.VSTS.TCM.Parameters": null,
        "Microsoft.VSTS.TCM.LocalDataSource": null,
        "Microsoft.VSTS.TCM.AutomationStatus": "Not Automated"
      },
      "relations": null,
      "url": "https://vstsdemodata.visualstudio.com/_apis/wit/workItems/390"
    },
    {
      "id": 391,
      "rev": 1,
      "fields": {
        "System.AreaPath": "PartsUnlimited",
        "System.TeamProject": "PartsUnlimited",
        "System.IterationPath": "PartsUnlimited",
        "System.WorkItemType": "Test Case",
        "System.State": "Design",
        "System.Reason": "New",
        "System.CreatedDate": "2017-03-02T12:14:26.157Z",
        "System.CreatedBy": "Sachin Raj <sachin77@outlook.com>",
        "System.ChangedDate": "2017-03-02T12:14:26.157Z",
        "System.ChangedBy": "Sachin Raj <sachin77@outlook.com>",
        "System.Title": "Verify clone baseline functionality",
        "Microsoft.VSTS.Scheduling.Effort": 0.0,
        "System.Description": null,
        "System.AssignedTo": "Sachin Raj <sachin77@outlook.com>",
        "Microsoft.VSTS.Scheduling.RemainingWork": 0.0,
        "Microsoft.VSTS.Common.Priority": 2.0,
        "System.BoardLane": null,
        "System.Tags": null,
        "Microsoft.VSTS.TCM.Steps": null,
        "Microsoft.VSTS.TCM.Parameters": null,
        "Microsoft.VSTS.TCM.LocalDataSource": null,
        "Microsoft.VSTS.TCM.AutomationStatus": "Not Automated"
      },
      "relations": [
        {
          "rel": "Microsoft.VSTS.Common.TestedBy-Reverse",
          "url": "https://vstsdemodata.visualstudio.com/_apis/wit/workItems/321",
          "attributes": {
            "isLocked": "False",
            "comment": "Making a new link for the dependency"
          }
        }
      ],
      "url": "https://vstsdemodata.visualstudio.com/_apis/wit/workItems/391"
    },
    {
      "id": 392,
      "rev": 1,
      "fields": {
        "System.AreaPath": "PartsUnlimited",
        "System.TeamProject": "PartsUnlimited",
        "System.IterationPath": "PartsUnlimited",
        "System.WorkItemType": "Test Case",
        "System.State": "Design",
        "System.Reason": "New",
        "System.CreatedDate": "2017-03-02T12:14:26.36Z",
        "System.CreatedBy": "Sachin Raj <sachin77@outlook.com>",
        "System.ChangedDate": "2017-03-02T12:14:26.36Z",
        "System.ChangedBy": "Sachin Raj <sachin77@outlook.com>",
        "System.Title": "Shopping using categories Test Case",
        "Microsoft.VSTS.Scheduling.Effort": 0.0,
        "System.Description": null,
        "System.AssignedTo": "Sachin Raj <sachin77@outlook.com>",
        "Microsoft.VSTS.Scheduling.RemainingWork": 0.0,
        "Microsoft.VSTS.Common.Priority": 2.0,
        "System.BoardLane": null,
        "System.Tags": null,
        "Microsoft.VSTS.TCM.Steps": "<steps id=\"0\" last=\"2\"><step id=\"2\" type=\"ValidateStep\"><parameterizedString isformatted=\"true\">&lt;DIV&gt;&lt;P&gt;&amp;nbsp;Go to browser&lt;/P&gt;&lt;/DIV&gt;</parameterizedString><parameterizedString isformatted=\"true\">&lt;P&gt;Home page is displyed&amp;nbsp;&lt;/P&gt;</parameterizedString><description/></step></steps>",
        "Microsoft.VSTS.TCM.Parameters": null,
        "Microsoft.VSTS.TCM.LocalDataSource": null,
        "Microsoft.VSTS.TCM.AutomationStatus": "Not Automated"
      },
      "relations": [
        {
          "rel": "Microsoft.VSTS.Common.TestedBy-Reverse",
          "url": "https://vstsdemodata.visualstudio.com/_apis/wit/workItems/317",
          "attributes": {
            "isLocked": "False",
            "comment": "Making a new link for the dependency"
          }
        },
        {
          "rel": "Microsoft.VSTS.Common.TestedBy-Reverse",
          "url": "https://vstsdemodata.visualstudio.com/_apis/wit/workItems/328",
          "attributes": {
            "isLocked": "False",
            "comment": "Making a new link for the dependency"
          }
        }
      ],
      "url": "https://vstsdemodata.visualstudio.com/_apis/wit/workItems/392"
    },
    {
      "id": 393,
      "rev": 1,
      "fields": {
        "System.AreaPath": "PartsUnlimited",
        "System.TeamProject": "PartsUnlimited",
        "System.IterationPath": "PartsUnlimited",
        "System.WorkItemType": "Test Case",
        "System.State": "Design",
        "System.Reason": "New",
        "System.CreatedDate": "2017-03-02T12:14:26.547Z",
        "System.CreatedBy": "Sachin Raj <sachin77@outlook.com>",
        "System.ChangedDate": "2017-03-02T12:14:26.547Z",
        "System.ChangedBy": "Sachin Raj <sachin77@outlook.com>",
        "System.Title": "As a customer I would be able to browse the site",
        "Microsoft.VSTS.Scheduling.Effort": 0.0,
        "System.Description": null,
        "System.AssignedTo": "Sachin Raj <sachin77@outlook.com>",
        "Microsoft.VSTS.Scheduling.RemainingWork": 0.0,
        "Microsoft.VSTS.Common.Priority": 2.0,
        "System.BoardLane": null,
        "System.Tags": null,
        "Microsoft.VSTS.TCM.Steps": "<steps id=\"0\" last=\"3\"><step type=\"ActionStep\" id=\"2\"><parameterizedString isformatted=\"true\">Open &lt;A href=\"http://www.surface.com\"&gt;www.surface.com&lt;/A&gt;</parameterizedString><parameterizedString isformatted=\"true\" /><description /></step><step type=\"ValidateStep\" id=\"3\"><parameterizedString isformatted=\"true\">press down scroll</parameterizedString><parameterizedString isformatted=\"true\">Scroll should work</parameterizedString><description /></step></steps>",
        "Microsoft.VSTS.TCM.Parameters": null,
        "Microsoft.VSTS.TCM.LocalDataSource": null,
        "Microsoft.VSTS.TCM.AutomationStatus": "Not Automated"
      },
      "relations": null,
      "url": "https://vstsdemodata.visualstudio.com/_apis/wit/workItems/393"
    },
    {
      "id": 394,
      "rev": 1,
      "fields": {
        "System.AreaPath": "PartsUnlimited",
        "System.TeamProject": "PartsUnlimited",
        "System.IterationPath": "PartsUnlimited",
        "System.WorkItemType": "Test Case",
        "System.State": "Design",
        "System.Reason": "New",
        "System.CreatedDate": "2017-03-02T12:14:26.78Z",
        "System.CreatedBy": "Sachin Raj <sachin77@outlook.com>",
        "System.ChangedDate": "2017-03-02T12:14:26.78Z",
        "System.ChangedBy": "Sachin Raj <sachin77@outlook.com>",
        "System.Title": "The customer should be able to place an item to the cart",
        "Microsoft.VSTS.Scheduling.Effort": 0.0,
        "System.Description": null,
        "System.AssignedTo": "Sachin Raj <sachin77@outlook.com>",
        "Microsoft.VSTS.Scheduling.RemainingWork": 0.0,
        "Microsoft.VSTS.Common.Priority": 2.0,
        "System.BoardLane": null,
        "System.Tags": null,
        "Microsoft.VSTS.TCM.Steps": null,
        "Microsoft.VSTS.TCM.Parameters": null,
        "Microsoft.VSTS.TCM.LocalDataSource": null,
        "Microsoft.VSTS.TCM.AutomationStatus": "Not Automated"
      },
      "relations": [
        {
          "rel": "Microsoft.VSTS.Common.TestedBy-Reverse",
          "url": "https://vstsdemodata.visualstudio.com/_apis/wit/workItems/310",
          "attributes": {
            "isLocked": "False",
            "comment": "Making a new link for the dependency"
          }
        }
      ],
      "url": "https://vstsdemodata.visualstudio.com/_apis/wit/workItems/394"
    },
    {
      "id": 395,
      "rev": 1,
      "fields": {
        "System.AreaPath": "PartsUnlimited",
        "System.TeamProject": "PartsUnlimited",
        "System.IterationPath": "PartsUnlimited",
        "System.WorkItemType": "Test Case",
        "System.State": "Design",
        "System.Reason": "New",
        "System.CreatedDate": "2017-03-02T12:14:27Z",
        "System.CreatedBy": "Sachin Raj <sachin77@outlook.com>",
        "System.ChangedDate": "2017-03-02T12:14:27Z",
        "System.ChangedBy": "Sachin Raj <sachin77@outlook.com>",
        "System.Title": "As a customer, I should be able to login",
        "Microsoft.VSTS.Scheduling.Effort": 0.0,
        "System.Description": null,
        "System.AssignedTo": "Sachin Raj <sachin77@outlook.com>",
        "Microsoft.VSTS.Scheduling.RemainingWork": 0.0,
        "Microsoft.VSTS.Common.Priority": 2.0,
        "System.BoardLane": null,
        "System.Tags": null,
        "Microsoft.VSTS.TCM.Steps": null,
        "Microsoft.VSTS.TCM.Parameters": null,
        "Microsoft.VSTS.TCM.LocalDataSource": null,
        "Microsoft.VSTS.TCM.AutomationStatus": "Not Automated"
      },
      "relations": null,
      "url": "https://vstsdemodata.visualstudio.com/_apis/wit/workItems/395"
    },
    {
      "id": 396,
      "rev": 1,
      "fields": {
        "System.AreaPath": "PartsUnlimited",
        "System.TeamProject": "PartsUnlimited",
        "System.IterationPath": "PartsUnlimited",
        "System.WorkItemType": "Test Case",
        "System.State": "Design",
        "System.Reason": "New",
        "System.CreatedDate": "2017-03-02T12:14:27.203Z",
        "System.CreatedBy": "Sachin Raj <sachin77@outlook.com>",
        "System.ChangedDate": "2017-03-02T12:14:27.203Z",
        "System.ChangedBy": "Sachin Raj <sachin77@outlook.com>",
        "System.Title": "As a customer, I should be able to login  ",
        "Microsoft.VSTS.Scheduling.Effort": 0.0,
        "System.Description": null,
        "System.AssignedTo": "Sachin Raj <sachin77@outlook.com>",
        "Microsoft.VSTS.Scheduling.RemainingWork": 0.0,
        "Microsoft.VSTS.Common.Priority": 2.0,
        "System.BoardLane": null,
        "System.Tags": null,
        "Microsoft.VSTS.TCM.Steps": "<steps id=\"0\" last=\"3\"><step id=\"2\" type=\"ActionStep\"><parameterizedString isformatted=\"true\">start app</parameterizedString><parameterizedString isformatted=\"true\"/><description/></step><step id=\"3\" type=\"ActionStep\"><parameterizedString isformatted=\"true\">go to here</parameterizedString><parameterizedString isformatted=\"true\"/><description/></step></steps>",
        "Microsoft.VSTS.TCM.Parameters": null,
        "Microsoft.VSTS.TCM.LocalDataSource": null,
        "Microsoft.VSTS.TCM.AutomationStatus": "Not Automated"
      },
      "relations": null,
      "url": "https://vstsdemodata.visualstudio.com/_apis/wit/workItems/396"
    },
    {
      "id": 397,
      "rev": 1,
      "fields": {
        "System.AreaPath": "PartsUnlimited",
        "System.TeamProject": "PartsUnlimited",
        "System.IterationPath": "PartsUnlimited",
        "System.WorkItemType": "Test Case",
        "System.State": "Design",
        "System.Reason": "New",
        "System.CreatedDate": "2017-03-02T12:14:27.407Z",
        "System.CreatedBy": "Sachin Raj <sachin77@outlook.com>",
        "System.ChangedDate": "2017-03-02T12:14:27.407Z",
        "System.ChangedBy": "Sachin Raj <sachin77@outlook.com>",
        "System.Title": "As a consumer, I want to be able to add a coupon code to my purchase",
        "Microsoft.VSTS.Scheduling.Effort": 0.0,
        "System.Description": null,
        "System.AssignedTo": "Sachin Raj <sachin77@outlook.com>",
        "Microsoft.VSTS.Scheduling.RemainingWork": 0.0,
        "Microsoft.VSTS.Common.Priority": 2.0,
        "System.BoardLane": null,
        "System.Tags": null,
        "Microsoft.VSTS.TCM.Steps": "<steps id=\"0\" last=\"4\"><compref id=\"4\" ref=\"13022\"><step type=\"ActionStep\" id=\"1\"><parameterizedString isformatted=\"true\">&lt;DIV&gt;&lt;P&gt;Add a coupon code to the coupon code text box&lt;/P&gt;&lt;/DIV&gt;</parameterizedString><parameterizedString isformatted=\"true\">&lt;DIV&gt;&lt;P&gt;&amp;nbsp;&lt;/P&gt;&lt;/DIV&gt;</parameterizedString><description /></step><step type=\"ValidateStep\" id=\"2\"><parameterizedString isformatted=\"true\">&lt;DIV&gt;&lt;P&gt;Click to apply button&lt;/P&gt;&lt;/DIV&gt;</parameterizedString><parameterizedString isformatted=\"true\">&lt;DIV&gt;&lt;P&gt;A discount should be applied&lt;/P&gt;&lt;/DIV&gt;</parameterizedString><description /></step></compref></steps>",
        "Microsoft.VSTS.TCM.Parameters": null,
        "Microsoft.VSTS.TCM.LocalDataSource": null,
        "Microsoft.VSTS.TCM.AutomationStatus": "Not Automated"
      },
      "relations": null,
      "url": "https://vstsdemodata.visualstudio.com/_apis/wit/workItems/397"
    },
    {
      "id": 398,
      "rev": 1,
      "fields": {
        "System.AreaPath": "PartsUnlimited",
        "System.TeamProject": "PartsUnlimited",
        "System.IterationPath": "PartsUnlimited",
        "System.WorkItemType": "Test Case",
        "System.State": "Design",
        "System.Reason": "New",
        "System.CreatedDate": "2017-03-02T12:14:27.61Z",
        "System.CreatedBy": "Sachin Raj <sachin77@outlook.com>",
        "System.ChangedDate": "2017-03-02T12:14:27.61Z",
        "System.ChangedBy": "Sachin Raj <sachin77@outlook.com>",
        "System.Title": "New test",
        "Microsoft.VSTS.Scheduling.Effort": 0.0,
        "System.Description": null,
        "System.AssignedTo": "Sachin Raj <sachin77@outlook.com>",
        "Microsoft.VSTS.Scheduling.RemainingWork": 0.0,
        "Microsoft.VSTS.Common.Priority": 2.0,
        "System.BoardLane": null,
        "System.Tags": null,
        "Microsoft.VSTS.TCM.Steps": "<steps id=\"0\" last=\"4\"><step id=\"2\" type=\"ActionStep\"><parameterizedString isformatted=\"true\">&lt;DIV&gt;&lt;DIV&gt;&lt;P&gt;Launch browser&amp;nbsp;&lt;/P&gt;&lt;/DIV&gt;&lt;/DIV&gt;</parameterizedString><parameterizedString isformatted=\"true\">&lt;DIV&gt;&lt;P&gt;&amp;nbsp;&lt;/P&gt;&lt;/DIV&gt;</parameterizedString><description /></step><step id=\"3\" type=\"ActionStep\"><parameterizedString isformatted=\"true\">&lt;DIV&gt;&lt;P&gt;Go to www.partsunlimited.com &amp;nbsp;&lt;/P&gt;&lt;/DIV&gt;</parameterizedString><parameterizedString isformatted=\"true\">&lt;DIV&gt;&lt;P&gt;&amp;nbsp;&lt;/P&gt;&lt;/DIV&gt;</parameterizedString><description /></step><step id=\"4\" type=\"ActionStep\"><parameterizedString isformatted=\"true\">&lt;DIV&gt;&lt;P&gt;&lt;/P&gt;&lt;/DIV&gt;</parameterizedString><parameterizedString isformatted=\"true\" /><description /></step></steps>",
        "Microsoft.VSTS.TCM.Parameters": null,
        "Microsoft.VSTS.TCM.LocalDataSource": null,
        "Microsoft.VSTS.TCM.AutomationStatus": "Not Automated"
      },
      "relations": null,
      "url": "https://vstsdemodata.visualstudio.com/_apis/wit/workItems/398"
    },
    {
      "id": 399,
      "rev": 1,
      "fields": {
        "System.AreaPath": "PartsUnlimited",
        "System.TeamProject": "PartsUnlimited",
        "System.IterationPath": "PartsUnlimited",
        "System.WorkItemType": "Test Case",
        "System.State": "Design",
        "System.Reason": "New",
        "System.CreatedDate": "2017-03-02T12:14:27.81Z",
        "System.CreatedBy": "Sachin Raj <sachin77@outlook.com>",
        "System.ChangedDate": "2017-03-02T12:14:27.81Z",
        "System.ChangedBy": "Sachin Raj <sachin77@outlook.com>",
        "System.Title": "Verify that only managers c an have hierarchical backlog.",
        "Microsoft.VSTS.Scheduling.Effort": 0.0,
        "System.Description": null,
        "System.AssignedTo": "Sachin Raj <sachin77@outlook.com>",
        "Microsoft.VSTS.Scheduling.RemainingWork": 0.0,
        "Microsoft.VSTS.Common.Priority": 2.0,
        "System.BoardLane": null,
        "System.Tags": null,
        "Microsoft.VSTS.TCM.Steps": null,
        "Microsoft.VSTS.TCM.Parameters": null,
        "Microsoft.VSTS.TCM.LocalDataSource": null,
        "Microsoft.VSTS.TCM.AutomationStatus": "Not Automated"
      },
      "relations": null,
      "url": "https://vstsdemodata.visualstudio.com/_apis/wit/workItems/399"
    },
    {
      "id": 400,
      "rev": 1,
      "fields": {
        "System.AreaPath": "PartsUnlimited",
        "System.TeamProject": "PartsUnlimited",
        "System.IterationPath": "PartsUnlimited",
        "System.WorkItemType": "Test Case",
        "System.State": "Design",
        "System.Reason": "New",
        "System.CreatedDate": "2017-03-02T12:14:28.017Z",
        "System.CreatedBy": "Sachin Raj <sachin77@outlook.com>",
        "System.ChangedDate": "2017-03-02T12:14:28.017Z",
        "System.ChangedBy": "Sachin Raj <sachin77@outlook.com>",
        "System.Title": "Product Load Verification",
        "Microsoft.VSTS.Scheduling.Effort": 0.0,
        "System.Description": null,
        "System.AssignedTo": "Sachin Raj <sachin77@outlook.com>",
        "Microsoft.VSTS.Scheduling.RemainingWork": 0.0,
        "Microsoft.VSTS.Common.Priority": 2.0,
        "System.BoardLane": null,
        "System.Tags": null,
        "Microsoft.VSTS.TCM.Steps": null,
        "Microsoft.VSTS.TCM.Parameters": null,
        "Microsoft.VSTS.TCM.LocalDataSource": null,
        "Microsoft.VSTS.TCM.AutomationStatus": "Not Automated"
      },
      "relations": null,
      "url": "https://vstsdemodata.visualstudio.com/_apis/wit/workItems/400"
    },
    {
      "id": 401,
      "rev": 1,
      "fields": {
        "System.AreaPath": "PartsUnlimited",
        "System.TeamProject": "PartsUnlimited",
        "System.IterationPath": "PartsUnlimited",
        "System.WorkItemType": "Test Case",
        "System.State": "Design",
        "System.Reason": "New",
        "System.CreatedDate": "2017-03-02T12:14:28.22Z",
        "System.CreatedBy": "Sachin Raj <sachin77@outlook.com>",
        "System.ChangedDate": "2017-03-02T12:14:28.22Z",
        "System.ChangedBy": "Sachin Raj <sachin77@outlook.com>",
        "System.Title": "Mobile verification",
        "Microsoft.VSTS.Scheduling.Effort": 0.0,
        "System.Description": null,
        "System.AssignedTo": "Sachin Raj <sachin77@outlook.com>",
        "Microsoft.VSTS.Scheduling.RemainingWork": 0.0,
        "Microsoft.VSTS.Common.Priority": 2.0,
        "System.BoardLane": null,
        "System.Tags": null,
        "Microsoft.VSTS.TCM.Steps": null,
        "Microsoft.VSTS.TCM.Parameters": null,
        "Microsoft.VSTS.TCM.LocalDataSource": null,
        "Microsoft.VSTS.TCM.AutomationStatus": "Not Automated"
      },
      "relations": null,
      "url": "https://vstsdemodata.visualstudio.com/_apis/wit/workItems/401"
    },
    {
      "id": 402,
      "rev": 1,
      "fields": {
        "System.AreaPath": "PartsUnlimited",
        "System.TeamProject": "PartsUnlimited",
        "System.IterationPath": "PartsUnlimited",
        "System.WorkItemType": "Test Case",
        "System.State": "Design",
        "System.Reason": "New",
        "System.CreatedDate": "2017-03-02T12:14:28.42Z",
        "System.CreatedBy": "Sachin Raj <sachin77@outlook.com>",
        "System.ChangedDate": "2017-03-02T12:14:28.42Z",
        "System.ChangedBy": "Sachin Raj <sachin77@outlook.com>",
        "System.Title": "Battery Test CAse",
        "Microsoft.VSTS.Scheduling.Effort": 0.0,
        "System.Description": null,
        "System.AssignedTo": "Sachin Raj <sachin77@outlook.com>",
        "Microsoft.VSTS.Scheduling.RemainingWork": 0.0,
        "Microsoft.VSTS.Common.Priority": 2.0,
        "System.BoardLane": null,
        "System.Tags": null,
        "Microsoft.VSTS.TCM.Steps": "<steps id=\"0\" last=\"2\"><step id=\"1\" type=\"ActionStep\"><parameterizedString isformatted=\"true\">&lt;DIV&gt;&lt;P&gt;Click on link &#39;Batteries&#39;.&lt;/P&gt;&lt;/DIV&gt;</parameterizedString><parameterizedString isformatted=\"true\"></parameterizedString><description /></step><step id=\"2\" type=\"ActionStep\"><parameterizedString isformatted=\"true\">&lt;DIV&gt;&lt;P&gt;Click on  &#39;Batteries\n\n\n12-Volt Calcium Battery\n$129.99\n\n&amp;nbsp;Shop Now\n\nSpiral Coil Battery\n$154.99\n\n&amp;nbsp;Shop Now\n\nJumper Leads\n$16.99\n\n&amp;nbsp;Shop Now\n&#39;.&lt;/P&gt;&lt;/DIV&gt;</parameterizedString><parameterizedString isformatted=\"true\"></parameterizedString><description /></step></steps>",
        "Microsoft.VSTS.TCM.Parameters": null,
        "Microsoft.VSTS.TCM.LocalDataSource": null,
        "Microsoft.VSTS.TCM.AutomationStatus": "Not Automated"
      },
      "relations": null,
      "url": "https://vstsdemodata.visualstudio.com/_apis/wit/workItems/402"
    },
    {
      "id": 403,
      "rev": 1,
      "fields": {
        "System.AreaPath": "PartsUnlimited",
        "System.TeamProject": "PartsUnlimited",
        "System.IterationPath": "PartsUnlimited",
        "System.WorkItemType": "Test Case",
        "System.State": "Design",
        "System.Reason": "New",
        "System.CreatedDate": "2017-03-02T12:14:28.64Z",
        "System.CreatedBy": "Sachin Raj <sachin77@outlook.com>",
        "System.ChangedDate": "2017-03-02T12:14:28.64Z",
        "System.ChangedBy": "Sachin Raj <sachin77@outlook.com>",
        "System.Title": "Sachin please test the new categories",
        "Microsoft.VSTS.Scheduling.Effort": 0.0,
        "System.Description": null,
        "System.AssignedTo": "Sachin Raj <sachin77@outlook.com>",
        "Microsoft.VSTS.Scheduling.RemainingWork": 0.0,
        "Microsoft.VSTS.Common.Priority": 2.0,
        "System.BoardLane": null,
        "System.Tags": null,
        "Microsoft.VSTS.TCM.Steps": "<steps id=\"0\" last=\"3\"><step id=\"2\" type=\"ActionStep\"><parameterizedString isformatted=\"true\">&lt;DIV&gt;&lt;DIV&gt;&lt;P&gt;open aap&amp;nbsp;&lt;/P&gt;&lt;/DIV&gt;&lt;/DIV&gt;</parameterizedString><parameterizedString isformatted=\"true\">&lt;DIV&gt;&lt;P&gt;&amp;nbsp;&lt;/P&gt;&lt;/DIV&gt;</parameterizedString><description/></step><step id=\"3\" type=\"ActionStep\"><parameterizedString isformatted=\"true\">&lt;DIV&gt;&lt;P&gt;adsfkj&amp;nbsp;&lt;/P&gt;&lt;/DIV&gt;</parameterizedString><parameterizedString isformatted=\"true\">&lt;DIV&gt;&lt;P&gt;&amp;nbsp;&lt;/P&gt;&lt;/DIV&gt;</parameterizedString><description/></step></steps>",
        "Microsoft.VSTS.TCM.Parameters": null,
        "Microsoft.VSTS.TCM.LocalDataSource": null,
        "Microsoft.VSTS.TCM.AutomationStatus": "Not Automated"
      },
      "relations": null,
      "url": "https://vstsdemodata.visualstudio.com/_apis/wit/workItems/403"
    },
    {
      "id": 404,
      "rev": 1,
      "fields": {
        "System.AreaPath": "PartsUnlimited",
        "System.TeamProject": "PartsUnlimited",
        "System.IterationPath": "PartsUnlimited",
        "System.WorkItemType": "Test Case",
        "System.State": "Design",
        "System.Reason": "New",
        "System.CreatedDate": "2017-03-02T12:14:28.81Z",
        "System.CreatedBy": "Sachin Raj <sachin77@outlook.com>",
        "System.ChangedDate": "2017-03-02T12:14:28.81Z",
        "System.ChangedBy": "Sachin Raj <sachin77@outlook.com>",
        "System.Title": "Verify the performance impact of loarge file loads are wiythin the specified limits",
        "Microsoft.VSTS.Scheduling.Effort": 0.0,
        "System.Description": null,
        "System.AssignedTo": "Sachin Raj <sachin77@outlook.com>",
        "Microsoft.VSTS.Scheduling.RemainingWork": 0.0,
        "Microsoft.VSTS.Common.Priority": 2.0,
        "System.BoardLane": null,
        "System.Tags": null,
        "Microsoft.VSTS.TCM.Steps": null,
        "Microsoft.VSTS.TCM.Parameters": null,
        "Microsoft.VSTS.TCM.LocalDataSource": null,
        "Microsoft.VSTS.TCM.AutomationStatus": "Not Automated"
      },
      "relations": [
        {
          "rel": "Microsoft.VSTS.Common.TestedBy-Reverse",
          "url": "https://vstsdemodata.visualstudio.com/_apis/wit/workItems/320",
          "attributes": {
            "isLocked": "False",
            "comment": "Making a new link for the dependency"
          }
        }
      ],
      "url": "https://vstsdemodata.visualstudio.com/_apis/wit/workItems/404"
    },
    {
      "id": 405,
      "rev": 1,
      "fields": {
        "System.AreaPath": "PartsUnlimited",
        "System.TeamProject": "PartsUnlimited",
        "System.IterationPath": "PartsUnlimited",
        "System.WorkItemType": "Test Case",
        "System.State": "Design",
        "System.Reason": "New",
        "System.CreatedDate": "2017-03-02T12:14:29.06Z",
        "System.CreatedBy": "Sachin Raj <sachin77@outlook.com>",
        "System.ChangedDate": "2017-03-02T12:14:29.06Z",
        "System.ChangedBy": "Sachin Raj <sachin77@outlook.com>",
        "System.Title": "Verify the large file loads",
        "Microsoft.VSTS.Scheduling.Effort": 0.0,
        "System.Description": null,
        "System.AssignedTo": "Sachin Raj <sachin77@outlook.com>",
        "Microsoft.VSTS.Scheduling.RemainingWork": 0.0,
        "Microsoft.VSTS.Common.Priority": 2.0,
        "System.BoardLane": null,
        "System.Tags": null,
        "Microsoft.VSTS.TCM.Steps": null,
        "Microsoft.VSTS.TCM.Parameters": null,
        "Microsoft.VSTS.TCM.LocalDataSource": null,
        "Microsoft.VSTS.TCM.AutomationStatus": "Not Automated"
      },
      "relations": [
        {
          "rel": "Microsoft.VSTS.Common.TestedBy-Reverse",
          "url": "https://vstsdemodata.visualstudio.com/_apis/wit/workItems/320",
          "attributes": {
            "isLocked": "False",
            "comment": "Making a new link for the dependency"
          }
        }
      ],
      "url": "https://vstsdemodata.visualstudio.com/_apis/wit/workItems/405"
    },
    {
      "id": 406,
      "rev": 1,
      "fields": {
        "System.AreaPath": "PartsUnlimited",
        "System.TeamProject": "PartsUnlimited",
        "System.IterationPath": "PartsUnlimited",
        "System.WorkItemType": "Test Case",
        "System.State": "Design",
        "System.Reason": "New",
        "System.CreatedDate": "2017-03-02T12:14:29.28Z",
        "System.CreatedBy": "Sachin Raj <sachin77@outlook.com>",
        "System.ChangedDate": "2017-03-02T12:14:29.28Z",
        "System.ChangedBy": "Sachin Raj <sachin77@outlook.com>",
        "System.Title": "Verify CDNsetup works",
        "Microsoft.VSTS.Scheduling.Effort": 0.0,
        "System.Description": null,
        "System.AssignedTo": "Sachin Raj <sachin77@outlook.com>",
        "Microsoft.VSTS.Scheduling.RemainingWork": 0.0,
        "Microsoft.VSTS.Common.Priority": 2.0,
        "System.BoardLane": null,
        "System.Tags": null,
        "Microsoft.VSTS.TCM.Steps": null,
        "Microsoft.VSTS.TCM.Parameters": null,
        "Microsoft.VSTS.TCM.LocalDataSource": null,
        "Microsoft.VSTS.TCM.AutomationStatus": "Not Automated"
      },
      "relations": [
        {
          "rel": "Microsoft.VSTS.Common.TestedBy-Reverse",
          "url": "https://vstsdemodata.visualstudio.com/_apis/wit/workItems/320",
          "attributes": {
            "isLocked": "False",
            "comment": "Making a new link for the dependency"
          }
        }
      ],
      "url": "https://vstsdemodata.visualstudio.com/_apis/wit/workItems/406"
    },
    {
      "id": 407,
      "rev": 1,
      "fields": {
        "System.AreaPath": "PartsUnlimited",
        "System.TeamProject": "PartsUnlimited",
        "System.IterationPath": "PartsUnlimited",
        "System.WorkItemType": "Test Case",
        "System.State": "Design",
        "System.Reason": "New",
        "System.CreatedDate": "2017-03-02T12:14:29.453Z",
        "System.CreatedBy": "Sachin Raj <sachin77@outlook.com>",
        "System.ChangedDate": "2017-03-02T12:14:29.453Z",
        "System.ChangedBy": "Sachin Raj <sachin77@outlook.com>",
        "System.Title": "Verify that cloning works decoupled form Phoenix legacy team. New Test",
        "Microsoft.VSTS.Scheduling.Effort": 0.0,
        "System.Description": null,
        "System.AssignedTo": "Sachin Raj <sachin77@outlook.com>",
        "Microsoft.VSTS.Scheduling.RemainingWork": 0.0,
        "Microsoft.VSTS.Common.Priority": 2.0,
        "System.BoardLane": null,
        "System.Tags": null,
        "Microsoft.VSTS.TCM.Steps": "<steps id=\"0\" last=\"3\"><step id=\"2\" type=\"ActionStep\"><parameterizedString isformatted=\"true\">&lt;DIV&gt;&lt;DIV&gt;&lt;P&gt;Goto main&amp;nbsp;page &amp;nbsp;&lt;/P&gt;&lt;/DIV&gt;&lt;/DIV&gt;</parameterizedString><parameterizedString isformatted=\"true\">&lt;DIV&gt;&lt;P&gt;&amp;nbsp;&lt;/P&gt;&lt;/DIV&gt;</parameterizedString><description /></step><step id=\"3\" type=\"ValidateStep\"><parameterizedString isformatted=\"true\">&lt;DIV&gt;&lt;P&gt;Login &amp;nbsp;&lt;/P&gt;&lt;/DIV&gt;</parameterizedString><parameterizedString isformatted=\"true\">&lt;P&gt;&amp;nbsp;Successful Login&lt;/P&gt;</parameterizedString><description /></step></steps>",
        "Microsoft.VSTS.TCM.Parameters": null,
        "Microsoft.VSTS.TCM.LocalDataSource": null,
        "Microsoft.VSTS.TCM.AutomationStatus": "Not Automated"
      },
      "relations": [
        {
          "rel": "Microsoft.VSTS.Common.TestedBy-Reverse",
          "url": "https://vstsdemodata.visualstudio.com/_apis/wit/workItems/321",
          "attributes": {
            "isLocked": "False",
            "comment": "Making a new link for the dependency"
          }
        }
      ],
      "url": "https://vstsdemodata.visualstudio.com/_apis/wit/workItems/407"
    }
  ],
  "HttpStatusCode": 0
}