{
  "count": 62,
  "value": [
    {
      "id": 4,
      "rev": 3,
      "fields": {
        "System.AreaPath": "bikesharing360",
        "System.TeamProject": "bikesharing360",
        "System.IterationPath": "bikesharing360\\Sprint 1",
        "System.WorkItemType": "Bug",
        "System.State": "New",
        "System.Reason": "New",
        "System.CreatedDate": "2017-02-23T23:44:38.417Z",
        "System.CreatedBy": "Jay Schmelzer <jaysch@microsoft.com>",
        "System.ChangedDate": "2017-02-28T16:01:15.367Z",
        "System.ChangedBy": "Jay Schmelzer <jaysch@microsoft.com>",
        "System.Title": "Fix AggregateException in JsonSerializerInternalReader.EnsureArrayContract(Newtonsoft.Json.JsonReader reader, System.Type objectType, Newtonsoft.Json.Serialization.JsonContract contract)",
        "Microsoft.VSTS.Scheduling.Effort": 0.0,
        "System.Description": null,
        "System.AssignedTo": "Jay Schmelzer <jaysch@microsoft.com>",
        "Microsoft.VSTS.Scheduling.RemainingWork": 0.0,
        "Microsoft.VSTS.Common.Priority": 2.0,
        "System.BoardLane": null,
        "System.Tags": null,
        "Microsoft.VSTS.TCM.Steps": null,
        "Microsoft.VSTS.TCM.Parameters": null,
        "Microsoft.VSTS.TCM.LocalDataSource": null,
        "Microsoft.VSTS.TCM.AutomationStatus": null,
        "System.History": null
      },
      "relations": [
        {
          "rel": "Hyperlink",
          "url": "https://rink.hockeyapp.net/manage/apps/467560/crash_reasons/158470147",
          "attributes": {
            "authorizedDate": "2017-02-23T23:44:38.417Z",
            "id": "92572",
            "resourceCreatedDate": "2017-02-23T23:44:38.417Z",
            "resourceModifiedDate": "2017-02-23T23:44:38.417Z",
            "revisedDate": "9999-01-01T00:00:00Z"
          }
        }
      ],
      "url": "https://bikesharing360dtl.visualstudio.com/_apis/wit/workItems/4"
    },
    {
      "id": 3,
      "rev": 5,
      "fields": {
        "System.AreaPath": "bikesharing360",
        "System.TeamProject": "bikesharing360",
        "System.IterationPath": "bikesharing360\\Sprint 1",
        "System.WorkItemType": "Bug",
        "System.State": "New",
        "System.Reason": "New",
        "System.CreatedDate": "2017-02-23T20:39:32.153Z",
        "System.CreatedBy": "Jay Schmelzer <jaysch@microsoft.com>",
        "System.ChangedDate": "2017-02-28T16:04:38.21Z",
        "System.ChangedBy": "Jay Schmelzer <jaysch@microsoft.com>",
        "System.Title": "Feedback 'Random crash on Android'",
        "Microsoft.VSTS.Scheduling.Effort": 0.0,
        "System.Description": "<b>Message from Daniel Jacobson sent on 2017-02-23 17:26:55 UTC:</b><br>\r\n<br>\r\nRandom crash on Android<br>\r\n<br>\r\n<b>Link to HockeyApp</b><br>\r\n<br>\r\n<a href=\"https://rink.hockeyapp.net/manage/apps/467560/feedback/735342\">https://rink.hockeyapp.net/manage/apps/467560/feedback/735342</a>\r\n\r\n",
        "System.AssignedTo": "Jay Schmelzer <jaysch@microsoft.com>",
        "Microsoft.VSTS.Scheduling.RemainingWork": 3.0,
        "Microsoft.VSTS.Common.Priority": 2.0,
        "System.BoardLane": null,
        "System.Tags": null,
        "Microsoft.VSTS.TCM.Steps": null,
        "Microsoft.VSTS.TCM.Parameters": null,
        "Microsoft.VSTS.TCM.LocalDataSource": null,
        "Microsoft.VSTS.TCM.AutomationStatus": null,
        "System.History": null
      },
      "relations": [
        {
          "rel": "Hyperlink",
          "url": "https://rink.hockeyapp.net/manage/apps/467560/feedback/735342",
          "attributes": {
            "authorizedDate": "2017-02-23T20:39:32.153Z",
            "id": "92479",
            "resourceCreatedDate": "2017-02-23T20:39:32.153Z",
            "resourceModifiedDate": "2017-02-23T20:39:32.153Z",
            "revisedDate": "9999-01-01T00:00:00Z"
          }
        }
      ],
      "url": "https://bikesharing360dtl.visualstudio.com/_apis/wit/workItems/3"
    },
    {
      "id": 20,
      "rev": 2,
      "fields": {
        "System.AreaPath": "bikesharing360",
        "System.TeamProject": "bikesharing360",
        "System.IterationPath": "bikesharing360\\Sprint 1",
        "System.WorkItemType": "Bug",
        "System.State": "New",
        "System.Reason": "New",
        "System.CreatedDate": "2017-03-10T18:49:07.56Z",
        "System.CreatedBy": "Xiang Yan <xiangyan@microsoft.com>",
        "System.ChangedDate": "2017-03-10T21:33:02.937Z",
        "System.ChangedBy": "Xiang Yan <xiangyan@microsoft.com>",
        "System.Title": "Login button is invisible on iphone 4s",
        "Microsoft.VSTS.Scheduling.Effort": 0.0,
        "System.Description": null,
        "System.AssignedTo": "Drew Demonstration <bikesharing360_drew@outlook.com>",
        "Microsoft.VSTS.Scheduling.RemainingWork": 0.0,
        "Microsoft.VSTS.Common.Priority": 2.0,
        "System.BoardLane": null,
        "System.Tags": null,
        "Microsoft.VSTS.TCM.Steps": null,
        "Microsoft.VSTS.TCM.Parameters": null,
        "Microsoft.VSTS.TCM.LocalDataSource": null,
        "Microsoft.VSTS.TCM.AutomationStatus": null,
        "System.History": null
      },
      "relations": null,
      "url": "https://bikesharing360dtl.visualstudio.com/_apis/wit/workItems/20"
    },
    {
      "id": 21,
      "rev": 2,
      "fields": {
        "System.AreaPath": "bikesharing360",
        "System.TeamProject": "bikesharing360",
        "System.IterationPath": "bikesharing360\\Sprint 1",
        "System.WorkItemType": "Bug",
        "System.State": "New",
        "System.Reason": "New",
        "System.CreatedDate": "2017-03-10T18:50:00.2Z",
        "System.CreatedBy": "Xiang Yan <xiangyan@microsoft.com>",
        "System.ChangedDate": "2017-03-10T21:33:06.827Z",
        "System.ChangedBy": "Xiang Yan <xiangyan@microsoft.com>",
        "System.Title": "Certificate expired",
        "Microsoft.VSTS.Scheduling.Effort": 0.0,
        "System.Description": null,
        "System.AssignedTo": "Drew Demonstration <bikesharing360_drew@outlook.com>",
        "Microsoft.VSTS.Scheduling.RemainingWork": 0.0,
        "Microsoft.VSTS.Common.Priority": 2.0,
        "System.BoardLane": null,
        "System.Tags": null,
        "Microsoft.VSTS.TCM.Steps": null,
        "Microsoft.VSTS.TCM.Parameters": null,
        "Microsoft.VSTS.TCM.LocalDataSource": null,
        "Microsoft.VSTS.TCM.AutomationStatus": null,
        "System.History": null
      },
      "relations": null,
      "url": "https://bikesharing360dtl.visualstudio.com/_apis/wit/workItems/21"
    },
    {
      "id": 22,
      "rev": 2,
      "fields": {
        "System.AreaPath": "bikesharing360",
        "System.TeamProject": "bikesharing360",
        "System.IterationPath": "bikesharing360\\Sprint 1",
        "System.WorkItemType": "Bug",
        "System.State": "New",
        "System.Reason": "New",
        "System.CreatedDate": "2017-03-10T18:50:23.363Z",
        "System.CreatedBy": "Xiang Yan <xiangyan@microsoft.com>",
        "System.ChangedDate": "2017-03-10T21:33:10.87Z",
        "System.ChangedBy": "Xiang Yan <xiangyan@microsoft.com>",
        "System.Title": "Cannot install ipa on the phone",
        "Microsoft.VSTS.Scheduling.Effort": 0.0,
        "System.Description": null,
        "System.AssignedTo": "Drew Demonstration <bikesharing360_drew@outlook.com>",
        "Microsoft.VSTS.Scheduling.RemainingWork": 0.0,
        "Microsoft.VSTS.Common.Priority": 2.0,
        "System.BoardLane": null,
        "System.Tags": null,
        "Microsoft.VSTS.TCM.Steps": null,
        "Microsoft.VSTS.TCM.Parameters": null,
        "Microsoft.VSTS.TCM.LocalDataSource": null,
        "Microsoft.VSTS.TCM.AutomationStatus": null,
        "System.History": null
      },
      "relations": null,
      "url": "https://bikesharing360dtl.visualstudio.com/_apis/wit/workItems/22"
    },
    {
      "id": 23,
      "rev": 2,
      "fields": {
        "System.AreaPath": "bikesharing360",
        "System.TeamProject": "bikesharing360",
        "System.IterationPath": "bikesharing360\\Sprint 1",
        "System.WorkItemType": "Bug",
        "System.State": "New",
        "System.Reason": "New",
        "System.CreatedDate": "2017-03-10T18:51:19.237Z",
        "System.CreatedBy": "Xiang Yan <xiangyan@microsoft.com>",
        "System.ChangedDate": "2017-03-10T21:33:15.06Z",
        "System.ChangedBy": "Xiang Yan <xiangyan@microsoft.com>",
        "System.Title": "Password does not work",
        "Microsoft.VSTS.Scheduling.Effort": 0.0,
        "System.Description": null,
        "System.AssignedTo": "Drew Demonstration <bikesharing360_drew@outlook.com>",
        "Microsoft.VSTS.Scheduling.RemainingWork": 0.0,
        "Microsoft.VSTS.Common.Priority": 2.0,
        "System.BoardLane": null,
        "System.Tags": null,
        "Microsoft.VSTS.TCM.Steps": null,
        "Microsoft.VSTS.TCM.Parameters": null,
        "Microsoft.VSTS.TCM.LocalDataSource": null,
        "Microsoft.VSTS.TCM.AutomationStatus": null,
        "System.History": null
      },
      "relations": null,
      "url": "https://bikesharing360dtl.visualstudio.com/_apis/wit/workItems/23"
    },
    {
      "id": 27,
      "rev": 1,
      "fields": {
        "System.AreaPath": "bikesharing360",
        "System.TeamProject": "bikesharing360",
        "System.IterationPath": "bikesharing360\\Sprint 2",
        "System.WorkItemType": "Bug",
        "System.State": "New",
        "System.Reason": "New",
        "System.CreatedDate": "2017-03-27T21:48:39.653Z",
        "System.CreatedBy": "Xiang Yan <xiangyan@microsoft.com>",
        "System.ChangedDate": "2017-03-27T21:48:39.653Z",
        "System.ChangedBy": "Xiang Yan <xiangyan@microsoft.com>",
        "System.Title": "First time i sign in, the events does not show correctly",
        "Microsoft.VSTS.Scheduling.Effort": 0.0,
        "System.Description": null,
        "System.AssignedTo": null,
        "Microsoft.VSTS.Scheduling.RemainingWork": 0.0,
        "Microsoft.VSTS.Common.Priority": 2.0,
        "System.BoardLane": null,
        "System.Tags": null,
        "Microsoft.VSTS.TCM.Steps": null,
        "Microsoft.VSTS.TCM.Parameters": null,
        "Microsoft.VSTS.TCM.LocalDataSource": null,
        "Microsoft.VSTS.TCM.AutomationStatus": null,
        "System.History": null
      },
      "relations": null,
      "url": "https://bikesharing360dtl.visualstudio.com/_apis/wit/workItems/27"
    },
    {
      "id": 30,
      "rev": 1,
      "fields": {
        "System.AreaPath": "bikesharing360",
        "System.TeamProject": "bikesharing360",
        "System.IterationPath": "bikesharing360\\Sprint 2",
        "System.WorkItemType": "Bug",
        "System.State": "New",
        "System.Reason": "New",
        "System.CreatedDate": "2017-03-27T21:50:55.643Z",
        "System.CreatedBy": "Xiang Yan <xiangyan@microsoft.com>",
        "System.ChangedDate": "2017-03-27T21:50:55.643Z",
        "System.ChangedBy": "Xiang Yan <xiangyan@microsoft.com>",
        "System.Title": "NullRef setting operation status",
        "Microsoft.VSTS.Scheduling.Effort": 0.0,
        "System.Description": null,
        "System.AssignedTo": null,
        "Microsoft.VSTS.Scheduling.RemainingWork": 0.0,
        "Microsoft.VSTS.Common.Priority": 2.0,
        "System.BoardLane": null,
        "System.Tags": null,
        "Microsoft.VSTS.TCM.Steps": null,
        "Microsoft.VSTS.TCM.Parameters": null,
        "Microsoft.VSTS.TCM.LocalDataSource": null,
        "Microsoft.VSTS.TCM.AutomationStatus": null,
        "System.History": null
      },
      "relations": null,
      "url": "https://bikesharing360dtl.visualstudio.com/_apis/wit/workItems/30"
    },
    {
      "id": 31,
      "rev": 1,
      "fields": {
        "System.AreaPath": "bikesharing360",
        "System.TeamProject": "bikesharing360",
        "System.IterationPath": "bikesharing360\\Sprint 2",
        "System.WorkItemType": "Bug",
        "System.State": "New",
        "System.Reason": "New",
        "System.CreatedDate": "2017-03-27T21:51:21.067Z",
        "System.CreatedBy": "Xiang Yan <xiangyan@microsoft.com>",
        "System.ChangedDate": "2017-03-27T21:51:21.067Z",
        "System.ChangedBy": "Xiang Yan <xiangyan@microsoft.com>",
        "System.Title": "Insufficient logging when we fail to get data",
        "Microsoft.VSTS.Scheduling.Effort": 0.0,
        "System.Description": null,
        "System.AssignedTo": null,
        "Microsoft.VSTS.Scheduling.RemainingWork": 0.0,
        "Microsoft.VSTS.Common.Priority": 2.0,
        "System.BoardLane": null,
        "System.Tags": null,
        "Microsoft.VSTS.TCM.Steps": null,
        "Microsoft.VSTS.TCM.Parameters": null,
        "Microsoft.VSTS.TCM.LocalDataSource": null,
        "Microsoft.VSTS.TCM.AutomationStatus": null,
        "System.History": null
      },
      "relations": null,
      "url": "https://bikesharing360dtl.visualstudio.com/_apis/wit/workItems/31"
    },
    {
      "id": 32,
      "rev": 1,
      "fields": {
        "System.AreaPath": "bikesharing360",
        "System.TeamProject": "bikesharing360",
        "System.IterationPath": "bikesharing360\\Sprint 2",
        "System.WorkItemType": "Bug",
        "System.State": "New",
        "System.Reason": "New",
        "System.CreatedDate": "2017-03-27T21:52:24.24Z",
        "System.CreatedBy": "Xiang Yan <xiangyan@microsoft.com>",
        "System.ChangedDate": "2017-03-27T21:52:24.24Z",
        "System.ChangedBy": "Xiang Yan <xiangyan@microsoft.com>",
        "System.Title": "Communication error",
        "Microsoft.VSTS.Scheduling.Effort": 0.0,
        "System.Description": null,
        "System.AssignedTo": null,
        "Microsoft.VSTS.Scheduling.RemainingWork": 0.0,
        "Microsoft.VSTS.Common.Priority": 2.0,
        "System.BoardLane": null,
        "System.Tags": null,
        "Microsoft.VSTS.TCM.Steps": null,
        "Microsoft.VSTS.TCM.Parameters": null,
        "Microsoft.VSTS.TCM.LocalDataSource": null,
        "Microsoft.VSTS.TCM.AutomationStatus": null,
        "System.History": null
      },
      "relations": null,
      "url": "https://bikesharing360dtl.visualstudio.com/_apis/wit/workItems/32"
    },
    {
      "id": 34,
      "rev": 1,
      "fields": {
        "System.AreaPath": "bikesharing360",
        "System.TeamProject": "bikesharing360",
        "System.IterationPath": "bikesharing360\\Sprint 2",
        "System.WorkItemType": "Bug",
        "System.State": "New",
        "System.Reason": "New",
        "System.CreatedDate": "2017-03-27T21:53:27.73Z",
        "System.CreatedBy": "Xiang Yan <xiangyan@microsoft.com>",
        "System.ChangedDate": "2017-03-27T21:53:27.73Z",
        "System.ChangedBy": "Xiang Yan <xiangyan@microsoft.com>",
        "System.Title": "Remove in-memory cache",
        "Microsoft.VSTS.Scheduling.Effort": 0.0,
        "System.Description": null,
        "System.AssignedTo": null,
        "Microsoft.VSTS.Scheduling.RemainingWork": 0.0,
        "Microsoft.VSTS.Common.Priority": 2.0,
        "System.BoardLane": null,
        "System.Tags": null,
        "Microsoft.VSTS.TCM.Steps": null,
        "Microsoft.VSTS.TCM.Parameters": null,
        "Microsoft.VSTS.TCM.LocalDataSource": null,
        "Microsoft.VSTS.TCM.AutomationStatus": null,
        "System.History": null
      },
      "relations": null,
      "url": "https://bikesharing360dtl.visualstudio.com/_apis/wit/workItems/34"
    },
    {
      "id": 35,
      "rev": 1,
      "fields": {
        "System.AreaPath": "bikesharing360",
        "System.TeamProject": "bikesharing360",
        "System.IterationPath": "bikesharing360\\Sprint 2",
        "System.WorkItemType": "Bug",
        "System.State": "New",
        "System.Reason": "New",
        "System.CreatedDate": "2017-03-27T21:53:49.09Z",
        "System.CreatedBy": "Xiang Yan <xiangyan@microsoft.com>",
        "System.ChangedDate": "2017-03-27T21:53:49.09Z",
        "System.ChangedBy": "Xiang Yan <xiangyan@microsoft.com>",
        "System.Title": "Cannot see failed state",
        "Microsoft.VSTS.Scheduling.Effort": 0.0,
        "System.Description": null,
        "System.AssignedTo": null,
        "Microsoft.VSTS.Scheduling.RemainingWork": 0.0,
        "Microsoft.VSTS.Common.Priority": 2.0,
        "System.BoardLane": null,
        "System.Tags": null,
        "Microsoft.VSTS.TCM.Steps": null,
        "Microsoft.VSTS.TCM.Parameters": null,
        "Microsoft.VSTS.TCM.LocalDataSource": null,
        "Microsoft.VSTS.TCM.AutomationStatus": null,
        "System.History": null
      },
      "relations": null,
      "url": "https://bikesharing360dtl.visualstudio.com/_apis/wit/workItems/35"
    },
    {
      "id": 36,
      "rev": 1,
      "fields": {
        "System.AreaPath": "bikesharing360",
        "System.TeamProject": "bikesharing360",
        "System.IterationPath": "bikesharing360\\Sprint 2",
        "System.WorkItemType": "Bug",
        "System.State": "New",
        "System.Reason": "New",
        "System.CreatedDate": "2017-03-27T21:54:27.073Z",
        "System.CreatedBy": "Xiang Yan <xiangyan@microsoft.com>",
        "System.ChangedDate": "2017-03-27T21:54:27.073Z",
        "System.ChangedBy": "Xiang Yan <xiangyan@microsoft.com>",
        "System.Title": "Event no responding",
        "Microsoft.VSTS.Scheduling.Effort": 0.0,
        "System.Description": null,
        "System.AssignedTo": null,
        "Microsoft.VSTS.Scheduling.RemainingWork": 0.0,
        "Microsoft.VSTS.Common.Priority": 2.0,
        "System.BoardLane": null,
        "System.Tags": null,
        "Microsoft.VSTS.TCM.Steps": null,
        "Microsoft.VSTS.TCM.Parameters": null,
        "Microsoft.VSTS.TCM.LocalDataSource": null,
        "Microsoft.VSTS.TCM.AutomationStatus": null,
        "System.History": null
      },
      "relations": null,
      "url": "https://bikesharing360dtl.visualstudio.com/_apis/wit/workItems/36"
    },
    {
      "id": 37,
      "rev": 1,
      "fields": {
        "System.AreaPath": "bikesharing360",
        "System.TeamProject": "bikesharing360",
        "System.IterationPath": "bikesharing360\\Sprint 2",
        "System.WorkItemType": "Bug",
        "System.State": "New",
        "System.Reason": "New",
        "System.CreatedDate": "2017-03-27T21:54:35.527Z",
        "System.CreatedBy": "Xiang Yan <xiangyan@microsoft.com>",
        "System.ChangedDate": "2017-03-27T21:54:35.527Z",
        "System.ChangedBy": "Xiang Yan <xiangyan@microsoft.com>",
        "System.Title": "Cannot start new trip",
        "Microsoft.VSTS.Scheduling.Effort": 0.0,
        "System.Description": null,
        "System.AssignedTo": null,
        "Microsoft.VSTS.Scheduling.RemainingWork": 0.0,
        "Microsoft.VSTS.Common.Priority": 2.0,
        "System.BoardLane": null,
        "System.Tags": null,
        "Microsoft.VSTS.TCM.Steps": null,
        "Microsoft.VSTS.TCM.Parameters": null,
        "Microsoft.VSTS.TCM.LocalDataSource": null,
        "Microsoft.VSTS.TCM.AutomationStatus": null,
        "System.History": null
      },
      "relations": null,
      "url": "https://bikesharing360dtl.visualstudio.com/_apis/wit/workItems/37"
    },
    {
      "id": 38,
      "rev": 1,
      "fields": {
        "System.AreaPath": "bikesharing360",
        "System.TeamProject": "bikesharing360",
        "System.IterationPath": "bikesharing360\\Sprint 2",
        "System.WorkItemType": "Bug",
        "System.State": "New",
        "System.Reason": "New",
        "System.CreatedDate": "2017-03-27T21:55:00.467Z",
        "System.CreatedBy": "Xiang Yan <xiangyan@microsoft.com>",
        "System.ChangedDate": "2017-03-27T21:55:00.467Z",
        "System.ChangedBy": "Xiang Yan <xiangyan@microsoft.com>",
        "System.Title": "Fail to load map",
        "Microsoft.VSTS.Scheduling.Effort": 0.0,
        "System.Description": null,
        "System.AssignedTo": null,
        "Microsoft.VSTS.Scheduling.RemainingWork": 0.0,
        "Microsoft.VSTS.Common.Priority": 2.0,
        "System.BoardLane": null,
        "System.Tags": null,
        "Microsoft.VSTS.TCM.Steps": null,
        "Microsoft.VSTS.TCM.Parameters": null,
        "Microsoft.VSTS.TCM.LocalDataSource": null,
        "Microsoft.VSTS.TCM.AutomationStatus": null,
        "System.History": null
      },
      "relations": null,
      "url": "https://bikesharing360dtl.visualstudio.com/_apis/wit/workItems/38"
    },
    {
      "id": 39,
      "rev": 1,
      "fields": {
        "System.AreaPath": "bikesharing360",
        "System.TeamProject": "bikesharing360",
        "System.IterationPath": "bikesharing360\\Sprint 2",
        "System.WorkItemType": "Bug",
        "System.State": "New",
        "System.Reason": "New",
        "System.CreatedDate": "2017-03-27T21:56:50.69Z",
        "System.CreatedBy": "Xiang Yan <xiangyan@microsoft.com>",
        "System.ChangedDate": "2017-03-27T21:56:50.69Z",
        "System.ChangedBy": "Xiang Yan <xiangyan@microsoft.com>",
        "System.Title": "No log out",
        "Microsoft.VSTS.Scheduling.Effort": 0.0,
        "System.Description": null,
        "System.AssignedTo": null,
        "Microsoft.VSTS.Scheduling.RemainingWork": 0.0,
        "Microsoft.VSTS.Common.Priority": 2.0,
        "System.BoardLane": null,
        "System.Tags": null,
        "Microsoft.VSTS.TCM.Steps": null,
        "Microsoft.VSTS.TCM.Parameters": null,
        "Microsoft.VSTS.TCM.LocalDataSource": null,
        "Microsoft.VSTS.TCM.AutomationStatus": null,
        "System.History": null
      },
      "relations": null,
      "url": "https://bikesharing360dtl.visualstudio.com/_apis/wit/workItems/39"
    },
    {
      "id": 44,
      "rev": 1,
      "fields": {
        "System.AreaPath": "bikesharing360",
        "System.TeamProject": "bikesharing360",
        "System.IterationPath": "bikesharing360\\Sprint 2",
        "System.WorkItemType": "Bug",
        "System.State": "New",
        "System.Reason": "New",
        "System.CreatedDate": "2017-03-27T21:59:41.82Z",
        "System.CreatedBy": "Xiang Yan <xiangyan@microsoft.com>",
        "System.ChangedDate": "2017-03-27T21:59:41.82Z",
        "System.ChangedBy": "Xiang Yan <xiangyan@microsoft.com>",
        "System.Title": "Show an error icon when base image is not selected",
        "Microsoft.VSTS.Scheduling.Effort": 0.0,
        "System.Description": null,
        "System.AssignedTo": null,
        "Microsoft.VSTS.Scheduling.RemainingWork": 0.0,
        "Microsoft.VSTS.Common.Priority": 2.0,
        "System.BoardLane": null,
        "System.Tags": null,
        "Microsoft.VSTS.TCM.Steps": null,
        "Microsoft.VSTS.TCM.Parameters": null,
        "Microsoft.VSTS.TCM.LocalDataSource": null,
        "Microsoft.VSTS.TCM.AutomationStatus": null,
        "System.History": null
      },
      "relations": null,
      "url": "https://bikesharing360dtl.visualstudio.com/_apis/wit/workItems/44"
    },
    {
      "id": 49,
      "rev": 1,
      "fields": {
        "System.AreaPath": "bikesharing360",
        "System.TeamProject": "bikesharing360",
        "System.IterationPath": "bikesharing360\\Sprint 2",
        "System.WorkItemType": "Bug",
        "System.State": "New",
        "System.Reason": "New",
        "System.CreatedDate": "2017-03-27T22:01:58.59Z",
        "System.CreatedBy": "Xiang Yan <xiangyan@microsoft.com>",
        "System.ChangedDate": "2017-03-27T22:01:58.59Z",
        "System.ChangedBy": "Xiang Yan <xiangyan@microsoft.com>",
        "System.Title": "Encrypt password",
        "Microsoft.VSTS.Scheduling.Effort": 0.0,
        "System.Description": null,
        "System.AssignedTo": null,
        "Microsoft.VSTS.Scheduling.RemainingWork": 0.0,
        "Microsoft.VSTS.Common.Priority": 2.0,
        "System.BoardLane": null,
        "System.Tags": null,
        "Microsoft.VSTS.TCM.Steps": null,
        "Microsoft.VSTS.TCM.Parameters": null,
        "Microsoft.VSTS.TCM.LocalDataSource": null,
        "Microsoft.VSTS.TCM.AutomationStatus": null,
        "System.History": null
      },
      "relations": null,
      "url": "https://bikesharing360dtl.visualstudio.com/_apis/wit/workItems/49"
    },
    {
      "id": 50,
      "rev": 1,
      "fields": {
        "System.AreaPath": "bikesharing360",
        "System.TeamProject": "bikesharing360",
        "System.IterationPath": "bikesharing360\\Sprint 2",
        "System.WorkItemType": "Bug",
        "System.State": "New",
        "System.Reason": "New",
        "System.CreatedDate": "2017-03-27T22:02:50.733Z",
        "System.CreatedBy": "Xiang Yan <xiangyan@microsoft.com>",
        "System.ChangedDate": "2017-03-27T22:02:50.733Z",
        "System.ChangedBy": "Xiang Yan <xiangyan@microsoft.com>",
        "System.Title": "Trip does not really work until user refreshes",
        "Microsoft.VSTS.Scheduling.Effort": 0.0,
        "System.Description": null,
        "System.AssignedTo": null,
        "Microsoft.VSTS.Scheduling.RemainingWork": 0.0,
        "Microsoft.VSTS.Common.Priority": 2.0,
        "System.BoardLane": null,
        "System.Tags": null,
        "Microsoft.VSTS.TCM.Steps": null,
        "Microsoft.VSTS.TCM.Parameters": null,
        "Microsoft.VSTS.TCM.LocalDataSource": null,
        "Microsoft.VSTS.TCM.AutomationStatus": null,
        "System.History": null
      },
      "relations": null,
      "url": "https://bikesharing360dtl.visualstudio.com/_apis/wit/workItems/50"
    },
    {
      "id": 51,
      "rev": 1,
      "fields": {
        "System.AreaPath": "bikesharing360",
        "System.TeamProject": "bikesharing360",
        "System.IterationPath": "bikesharing360\\Sprint 2",
        "System.WorkItemType": "Bug",
        "System.State": "New",
        "System.Reason": "New",
        "System.CreatedDate": "2017-03-27T22:04:07.423Z",
        "System.CreatedBy": "Xiang Yan <xiangyan@microsoft.com>",
        "System.ChangedDate": "2017-03-27T22:04:07.423Z",
        "System.ChangedBy": "Xiang Yan <xiangyan@microsoft.com>",
        "System.Title": "Fix non run command",
        "Microsoft.VSTS.Scheduling.Effort": 0.0,
        "System.Description": null,
        "System.AssignedTo": null,
        "Microsoft.VSTS.Scheduling.RemainingWork": 0.0,
        "Microsoft.VSTS.Common.Priority": 2.0,
        "System.BoardLane": null,
        "System.Tags": null,
        "Microsoft.VSTS.TCM.Steps": null,
        "Microsoft.VSTS.TCM.Parameters": null,
        "Microsoft.VSTS.TCM.LocalDataSource": null,
        "Microsoft.VSTS.TCM.AutomationStatus": null,
        "System.History": null
      },
      "relations": null,
      "url": "https://bikesharing360dtl.visualstudio.com/_apis/wit/workItems/51"
    },
    {
      "id": 56,
      "rev": 1,
      "fields": {
        "System.AreaPath": "bikesharing360",
        "System.TeamProject": "bikesharing360",
        "System.IterationPath": "bikesharing360\\Sprint 2",
        "System.WorkItemType": "Bug",
        "System.State": "New",
        "System.Reason": "New",
        "System.CreatedDate": "2017-03-27T22:05:47.79Z",
        "System.CreatedBy": "Xiang Yan <xiangyan@microsoft.com>",
        "System.ChangedDate": "2017-03-27T22:05:47.79Z",
        "System.ChangedBy": "Xiang Yan <xiangyan@microsoft.com>",
        "System.Title": "Weather does not work correctly",
        "Microsoft.VSTS.Scheduling.Effort": 0.0,
        "System.Description": null,
        "System.AssignedTo": null,
        "Microsoft.VSTS.Scheduling.RemainingWork": 0.0,
        "Microsoft.VSTS.Common.Priority": 2.0,
        "System.BoardLane": null,
        "System.Tags": null,
        "Microsoft.VSTS.TCM.Steps": null,
        "Microsoft.VSTS.TCM.Parameters": null,
        "Microsoft.VSTS.TCM.LocalDataSource": null,
        "Microsoft.VSTS.TCM.AutomationStatus": null,
        "System.History": null
      },
      "relations": null,
      "url": "https://bikesharing360dtl.visualstudio.com/_apis/wit/workItems/56"
    },
    {
      "id": 57,
      "rev": 1,
      "fields": {
        "System.AreaPath": "bikesharing360",
        "System.TeamProject": "bikesharing360",
        "System.IterationPath": "bikesharing360\\Sprint 2",
        "System.WorkItemType": "Bug",
        "System.State": "New",
        "System.Reason": "New",
        "System.CreatedDate": "2017-03-27T22:06:37.057Z",
        "System.CreatedBy": "Xiang Yan <xiangyan@microsoft.com>",
        "System.ChangedDate": "2017-03-27T22:06:37.057Z",
        "System.ChangedBy": "Xiang Yan <xiangyan@microsoft.com>",
        "System.Title": "Typo: password placehoder",
        "Microsoft.VSTS.Scheduling.Effort": 0.0,
        "System.Description": null,
        "System.AssignedTo": null,
        "Microsoft.VSTS.Scheduling.RemainingWork": 0.0,
        "Microsoft.VSTS.Common.Priority": 2.0,
        "System.BoardLane": null,
        "System.Tags": null,
        "Microsoft.VSTS.TCM.Steps": null,
        "Microsoft.VSTS.TCM.Parameters": null,
        "Microsoft.VSTS.TCM.LocalDataSource": null,
        "Microsoft.VSTS.TCM.AutomationStatus": null,
        "System.History": null
      },
      "relations": null,
      "url": "https://bikesharing360dtl.visualstudio.com/_apis/wit/workItems/57"
    },
    {
      "id": 58,
      "rev": 1,
      "fields": {
        "System.AreaPath": "bikesharing360",
        "System.TeamProject": "bikesharing360",
        "System.IterationPath": "bikesharing360\\Sprint 2",
        "System.WorkItemType": "Bug",
        "System.State": "New",
        "System.Reason": "New",
        "System.CreatedDate": "2017-03-27T22:06:51.68Z",
        "System.CreatedBy": "Xiang Yan <xiangyan@microsoft.com>",
        "System.ChangedDate": "2017-03-27T22:06:51.68Z",
        "System.ChangedBy": "Xiang Yan <xiangyan@microsoft.com>",
        "System.Title": "Renew certificates",
        "Microsoft.VSTS.Scheduling.Effort": 0.0,
        "System.Description": null,
        "System.AssignedTo": null,
        "Microsoft.VSTS.Scheduling.RemainingWork": 0.0,
        "Microsoft.VSTS.Common.Priority": 2.0,
        "System.BoardLane": null,
        "System.Tags": null,
        "Microsoft.VSTS.TCM.Steps": null,
        "Microsoft.VSTS.TCM.Parameters": null,
        "Microsoft.VSTS.TCM.LocalDataSource": null,
        "Microsoft.VSTS.TCM.AutomationStatus": null,
        "System.History": null
      },
      "relations": null,
      "url": "https://bikesharing360dtl.visualstudio.com/_apis/wit/workItems/58"
    },
    {
      "id": 59,
      "rev": 1,
      "fields": {
        "System.AreaPath": "bikesharing360",
        "System.TeamProject": "bikesharing360",
        "System.IterationPath": "bikesharing360\\Sprint 2",
        "System.WorkItemType": "Bug",
        "System.State": "New",
        "System.Reason": "New",
        "System.CreatedDate": "2017-03-27T22:08:12.31Z",
        "System.CreatedBy": "Xiang Yan <xiangyan@microsoft.com>",
        "System.ChangedDate": "2017-03-27T22:08:12.31Z",
        "System.ChangedBy": "Xiang Yan <xiangyan@microsoft.com>",
        "System.Title": "Credit card setting does not work",
        "Microsoft.VSTS.Scheduling.Effort": 0.0,
        "System.Description": null,
        "System.AssignedTo": null,
        "Microsoft.VSTS.Scheduling.RemainingWork": 0.0,
        "Microsoft.VSTS.Common.Priority": 2.0,
        "System.BoardLane": null,
        "System.Tags": null,
        "Microsoft.VSTS.TCM.Steps": null,
        "Microsoft.VSTS.TCM.Parameters": null,
        "Microsoft.VSTS.TCM.LocalDataSource": null,
        "Microsoft.VSTS.TCM.AutomationStatus": null,
        "System.History": null
      },
      "relations": null,
      "url": "https://bikesharing360dtl.visualstudio.com/_apis/wit/workItems/59"
    },
    {
      "id": 60,
      "rev": 1,
      "fields": {
        "System.AreaPath": "bikesharing360",
        "System.TeamProject": "bikesharing360",
        "System.IterationPath": "bikesharing360\\Sprint 2",
        "System.WorkItemType": "Bug",
        "System.State": "New",
        "System.Reason": "New",
        "System.CreatedDate": "2017-03-27T22:09:10.343Z",
        "System.CreatedBy": "Xiang Yan <xiangyan@microsoft.com>",
        "System.ChangedDate": "2017-03-27T22:09:10.343Z",
        "System.ChangedBy": "Xiang Yan <xiangyan@microsoft.com>",
        "System.Title": "Cannot cancel a ride",
        "Microsoft.VSTS.Scheduling.Effort": 0.0,
        "System.Description": null,
        "System.AssignedTo": null,
        "Microsoft.VSTS.Scheduling.RemainingWork": 0.0,
        "Microsoft.VSTS.Common.Priority": 2.0,
        "System.BoardLane": null,
        "System.Tags": null,
        "Microsoft.VSTS.TCM.Steps": null,
        "Microsoft.VSTS.TCM.Parameters": null,
        "Microsoft.VSTS.TCM.LocalDataSource": null,
        "Microsoft.VSTS.TCM.AutomationStatus": null,
        "System.History": null
      },
      "relations": null,
      "url": "https://bikesharing360dtl.visualstudio.com/_apis/wit/workItems/60"
    },
    {
      "id": 61,
      "rev": 1,
      "fields": {
        "System.AreaPath": "bikesharing360",
        "System.TeamProject": "bikesharing360",
        "System.IterationPath": "bikesharing360\\Sprint 2",
        "System.WorkItemType": "Bug",
        "System.State": "New",
        "System.Reason": "New",
        "System.CreatedDate": "2017-03-27T22:09:29.22Z",
        "System.CreatedBy": "Xiang Yan <xiangyan@microsoft.com>",
        "System.ChangedDate": "2017-03-27T22:09:29.22Z",
        "System.ChangedBy": "Xiang Yan <xiangyan@microsoft.com>",
        "System.Title": "NullRef on POST Schedule during Deallocate",
        "Microsoft.VSTS.Scheduling.Effort": 0.0,
        "System.Description": null,
        "System.AssignedTo": null,
        "Microsoft.VSTS.Scheduling.RemainingWork": 0.0,
        "Microsoft.VSTS.Common.Priority": 2.0,
        "System.BoardLane": null,
        "System.Tags": null,
        "Microsoft.VSTS.TCM.Steps": null,
        "Microsoft.VSTS.TCM.Parameters": null,
        "Microsoft.VSTS.TCM.LocalDataSource": null,
        "Microsoft.VSTS.TCM.AutomationStatus": null,
        "System.History": null
      },
      "relations": null,
      "url": "https://bikesharing360dtl.visualstudio.com/_apis/wit/workItems/61"
    },
    {
      "id": 62,
      "rev": 1,
      "fields": {
        "System.AreaPath": "bikesharing360",
        "System.TeamProject": "bikesharing360",
        "System.IterationPath": "bikesharing360\\Sprint 2",
        "System.WorkItemType": "Bug",
        "System.State": "New",
        "System.Reason": "New",
        "System.CreatedDate": "2017-03-27T22:10:01.987Z",
        "System.CreatedBy": "Xiang Yan <xiangyan@microsoft.com>",
        "System.ChangedDate": "2017-03-27T22:10:01.987Z",
        "System.ChangedBy": "Xiang Yan <xiangyan@microsoft.com>",
        "System.Title": "Crash when clicking the map",
        "Microsoft.VSTS.Scheduling.Effort": 0.0,
        "System.Description": null,
        "System.AssignedTo": null,
        "Microsoft.VSTS.Scheduling.RemainingWork": 0.0,
        "Microsoft.VSTS.Common.Priority": 2.0,
        "System.BoardLane": null,
        "System.Tags": null,
        "Microsoft.VSTS.TCM.Steps": null,
        "Microsoft.VSTS.TCM.Parameters": null,
        "Microsoft.VSTS.TCM.LocalDataSource": null,
        "Microsoft.VSTS.TCM.AutomationStatus": null,
        "System.History": null
      },
      "relations": null,
      "url": "https://bikesharing360dtl.visualstudio.com/_apis/wit/workItems/62"
    },
    {
      "id": 63,
      "rev": 1,
      "fields": {
        "System.AreaPath": "bikesharing360",
        "System.TeamProject": "bikesharing360",
        "System.IterationPath": "bikesharing360\\Sprint 2",
        "System.WorkItemType": "Bug",
        "System.State": "New",
        "System.Reason": "New",
        "System.CreatedDate": "2017-03-27T22:10:44.94Z",
        "System.CreatedBy": "Xiang Yan <xiangyan@microsoft.com>",
        "System.ChangedDate": "2017-03-27T22:10:44.94Z",
        "System.ChangedBy": "Xiang Yan <xiangyan@microsoft.com>",
        "System.Title": "InternalCommandProcessor should set ProvisioningState to Failed on unhandled exception",
        "Microsoft.VSTS.Scheduling.Effort": 0.0,
        "System.Description": null,
        "System.AssignedTo": null,
        "Microsoft.VSTS.Scheduling.RemainingWork": 0.0,
        "Microsoft.VSTS.Common.Priority": 2.0,
        "System.BoardLane": null,
        "System.Tags": null,
        "Microsoft.VSTS.TCM.Steps": null,
        "Microsoft.VSTS.TCM.Parameters": null,
        "Microsoft.VSTS.TCM.LocalDataSource": null,
        "Microsoft.VSTS.TCM.AutomationStatus": null,
        "System.History": null
      },
      "relations": null,
      "url": "https://bikesharing360dtl.visualstudio.com/_apis/wit/workItems/63"
    },
    {
      "id": 64,
      "rev": 1,
      "fields": {
        "System.AreaPath": "bikesharing360",
        "System.TeamProject": "bikesharing360",
        "System.IterationPath": "bikesharing360\\Sprint 2",
        "System.WorkItemType": "Bug",
        "System.State": "New",
        "System.Reason": "New",
        "System.CreatedDate": "2017-03-27T22:11:32.74Z",
        "System.CreatedBy": "Xiang Yan <xiangyan@microsoft.com>",
        "System.ChangedDate": "2017-03-27T22:11:32.74Z",
        "System.ChangedBy": "Xiang Yan <xiangyan@microsoft.com>",
        "System.Title": "Expiration date does not work",
        "Microsoft.VSTS.Scheduling.Effort": 0.0,
        "System.Description": null,
        "System.AssignedTo": null,
        "Microsoft.VSTS.Scheduling.RemainingWork": 0.0,
        "Microsoft.VSTS.Common.Priority": 2.0,
        "System.BoardLane": null,
        "System.Tags": null,
        "Microsoft.VSTS.TCM.Steps": null,
        "Microsoft.VSTS.TCM.Parameters": null,
        "Microsoft.VSTS.TCM.LocalDataSource": null,
        "Microsoft.VSTS.TCM.AutomationStatus": null,
        "System.History": null
      },
      "relations": null,
      "url": "https://bikesharing360dtl.visualstudio.com/_apis/wit/workItems/64"
    },
    {
      "id": 65,
      "rev": 1,
      "fields": {
        "System.AreaPath": "bikesharing360",
        "System.TeamProject": "bikesharing360",
        "System.IterationPath": "bikesharing360\\Sprint 2",
        "System.WorkItemType": "Bug",
        "System.State": "New",
        "System.Reason": "New",
        "System.CreatedDate": "2017-03-27T22:11:53.35Z",
        "System.CreatedBy": "Xiang Yan <xiangyan@microsoft.com>",
        "System.ChangedDate": "2017-03-27T22:11:53.35Z",
        "System.ChangedBy": "Xiang Yan <xiangyan@microsoft.com>",
        "System.Title": "POST Schedule NullRefException",
        "Microsoft.VSTS.Scheduling.Effort": 0.0,
        "System.Description": null,
        "System.AssignedTo": null,
        "Microsoft.VSTS.Scheduling.RemainingWork": 0.0,
        "Microsoft.VSTS.Common.Priority": 2.0,
        "System.BoardLane": null,
        "System.Tags": null,
        "Microsoft.VSTS.TCM.Steps": null,
        "Microsoft.VSTS.TCM.Parameters": null,
        "Microsoft.VSTS.TCM.LocalDataSource": null,
        "Microsoft.VSTS.TCM.AutomationStatus": null,
        "System.History": null
      },
      "relations": null,
      "url": "https://bikesharing360dtl.visualstudio.com/_apis/wit/workItems/65"
    },
    {
      "id": 2,
      "rev": 3,
      "fields": {
        "System.AreaPath": "bikesharing360",
        "System.TeamProject": "bikesharing360",
        "System.IterationPath": "bikesharing360\\Sprint 1",
        "System.WorkItemType": "Bug",
        "System.State": "Active",
        "System.Reason": "Investigate",
        "System.CreatedDate": "2017-02-15T18:55:53.747Z",
        "System.CreatedBy": "Xiang Yan <xiangyan@microsoft.com>",
        "System.ChangedDate": "2017-02-28T16:04:09Z",
        "System.ChangedBy": "Jay Schmelzer <jaysch@microsoft.com>",
        "System.Title": "Sign in button is missing on iOS 9",
        "Microsoft.VSTS.Scheduling.Effort": 0.0,
        "System.Description": null,
        "System.AssignedTo": "Jay Schmelzer <jaysch@microsoft.com>",
        "Microsoft.VSTS.Scheduling.RemainingWork": 4.0,
        "Microsoft.VSTS.Common.Priority": 2.0,
        "System.BoardLane": null,
        "System.Tags": null,
        "Microsoft.VSTS.TCM.Steps": null,
        "Microsoft.VSTS.TCM.Parameters": null,
        "Microsoft.VSTS.TCM.LocalDataSource": null,
        "Microsoft.VSTS.TCM.AutomationStatus": null,
        "System.History": null
      },
      "relations": null,
      "url": "https://bikesharing360dtl.visualstudio.com/_apis/wit/workItems/2"
    },
    {
      
      "id": 4,
      "rev": 3,
      "fields": {
        "System.AreaPath": "bikesharing360",
        "System.TeamProject": "bikesharing360",
        "System.IterationPath": "bikesharing360\\Sprint 1",
        "System.WorkItemType": "Bug",
        "System.State": "New",
        "System.Reason": "New",
        "System.CreatedDate": "2017-02-23T23:44:38.417Z",
        "System.CreatedBy": "Jay Schmelzer <jaysch@microsoft.com>",
        "System.ChangedDate": "2017-02-28T16:01:15.367Z",
        "System.ChangedBy": "Jay Schmelzer <jaysch@microsoft.com>",
        "System.Title": "Fix AggregateException in JsonSerializerInternalReader.EnsureArrayContract(Newtonsoft.Json.JsonReader reader, System.Type objectType, Newtonsoft.Json.Serialization.JsonContract contract)",
        "Microsoft.VSTS.Scheduling.Effort": 0.0,
        "System.Description": null,
        "System.AssignedTo": "Jay Schmelzer <jaysch@microsoft.com>",
        "Microsoft.VSTS.Scheduling.RemainingWork": 0.0,
        "Microsoft.VSTS.Common.Priority": 2.0,
        "System.BoardLane": null,
        "System.Tags": null,
        "Microsoft.VSTS.TCM.Steps": null,
        "Microsoft.VSTS.TCM.Parameters": null,
        "Microsoft.VSTS.TCM.LocalDataSource": null,
        "Microsoft.VSTS.TCM.AutomationStatus": null,
        "System.History": null
      },
      "relations": [
        {
          "rel": "Hyperlink",
          "url": "https://rink.hockeyapp.net/manage/apps/467560/crash_reasons/158470147",
          "attributes": {
            "authorizedDate": "2017-02-23T23:44:38.417Z",
            "id": "92572",
            "resourceCreatedDate": "2017-02-23T23:44:38.417Z",
            "resourceModifiedDate": "2017-02-23T23:44:38.417Z",
            "revisedDate": "9999-01-01T00:00:00Z"
          }
        }
      ],
      "url": "https://bikesharing360dtl.visualstudio.com/_apis/wit/workItems/4"
    },
    {
      "id": 3,
      "rev": 5,
      "fields": {
        "System.AreaPath": "bikesharing360",
        "System.TeamProject": "bikesharing360",
        "System.IterationPath": "bikesharing360\\Sprint 1",
        "System.WorkItemType": "Bug",
        "System.State": "New",
        "System.Reason": "New",
        "System.CreatedDate": "2017-02-23T20:39:32.153Z",
        "System.CreatedBy": "Jay Schmelzer <jaysch@microsoft.com>",
        "System.ChangedDate": "2017-02-28T16:04:38.21Z",
        "System.ChangedBy": "Jay Schmelzer <jaysch@microsoft.com>",
        "System.Title": "Feedback 'Random crash on Android'",
        "Microsoft.VSTS.Scheduling.Effort": 0.0,
        "System.Description": "<b>Message from Daniel Jacobson sent on 2017-02-23 17:26:55 UTC:</b><br>\r\n<br>\r\nRandom crash on Android<br>\r\n<br>\r\n<b>Link to HockeyApp</b><br>\r\n<br>\r\n<a href=\"https://rink.hockeyapp.net/manage/apps/467560/feedback/735342\">https://rink.hockeyapp.net/manage/apps/467560/feedback/735342</a>\r\n\r\n",
        "System.AssignedTo": "Jay Schmelzer <jaysch@microsoft.com>",
        "Microsoft.VSTS.Scheduling.RemainingWork": 3.0,
        "Microsoft.VSTS.Common.Priority": 2.0,
        "System.BoardLane": null,
        "System.Tags": null,
        "Microsoft.VSTS.TCM.Steps": null,
        "Microsoft.VSTS.TCM.Parameters": null,
        "Microsoft.VSTS.TCM.LocalDataSource": null,
        "Microsoft.VSTS.TCM.AutomationStatus": null,
        "System.History": null
      },
      "relations": [
        {
          "rel": "Hyperlink",
          "url": "https://rink.hockeyapp.net/manage/apps/467560/feedback/735342",
          "attributes": {
            "authorizedDate": "2017-02-23T20:39:32.153Z",
            "id": "92479",
            "resourceCreatedDate": "2017-02-23T20:39:32.153Z",
            "resourceModifiedDate": "2017-02-23T20:39:32.153Z",
            "revisedDate": "9999-01-01T00:00:00Z"
          }
        }
      ],
      "url": "https://bikesharing360dtl.visualstudio.com/_apis/wit/workItems/3"
    },
    {
      "id": 20,
      "rev": 2,
      "fields": {
        "System.AreaPath": "bikesharing360",
        "System.TeamProject": "bikesharing360",
        "System.IterationPath": "bikesharing360\\Sprint 1",
        "System.WorkItemType": "Bug",
        "System.State": "New",
        "System.Reason": "New",
        "System.CreatedDate": "2017-03-10T18:49:07.56Z",
        "System.CreatedBy": "Xiang Yan <xiangyan@microsoft.com>",
        "System.ChangedDate": "2017-03-10T21:33:02.937Z",
        "System.ChangedBy": "Xiang Yan <xiangyan@microsoft.com>",
        "System.Title": "Login button is invisible on iphone 4s",
        "Microsoft.VSTS.Scheduling.Effort": 0.0,
        "System.Description": null,
        "System.AssignedTo": "Drew Demonstration <bikesharing360_drew@outlook.com>",
        "Microsoft.VSTS.Scheduling.RemainingWork": 0.0,
        "Microsoft.VSTS.Common.Priority": 2.0,
        "System.BoardLane": null,
        "System.Tags": null,
        "Microsoft.VSTS.TCM.Steps": null,
        "Microsoft.VSTS.TCM.Parameters": null,
        "Microsoft.VSTS.TCM.LocalDataSource": null,
        "Microsoft.VSTS.TCM.AutomationStatus": null,
        "System.History": null
      },
      "relations": null,
      "url": "https://bikesharing360dtl.visualstudio.com/_apis/wit/workItems/20"
    },
    {
      "id": 21,
      "rev": 2,
      "fields": {
        "System.AreaPath": "bikesharing360",
        "System.TeamProject": "bikesharing360",
        "System.IterationPath": "bikesharing360\\Sprint 1",
        "System.WorkItemType": "Bug",
        "System.State": "New",
        "System.Reason": "New",
        "System.CreatedDate": "2017-03-10T18:50:00.2Z",
        "System.CreatedBy": "Xiang Yan <xiangyan@microsoft.com>",
        "System.ChangedDate": "2017-03-10T21:33:06.827Z",
        "System.ChangedBy": "Xiang Yan <xiangyan@microsoft.com>",
        "System.Title": "Certificate expired",
        "Microsoft.VSTS.Scheduling.Effort": 0.0,
        "System.Description": null,
        "System.AssignedTo": "Drew Demonstration <bikesharing360_drew@outlook.com>",
        "Microsoft.VSTS.Scheduling.RemainingWork": 0.0,
        "Microsoft.VSTS.Common.Priority": 2.0,
        "System.BoardLane": null,
        "System.Tags": null,
        "Microsoft.VSTS.TCM.Steps": null,
        "Microsoft.VSTS.TCM.Parameters": null,
        "Microsoft.VSTS.TCM.LocalDataSource": null,
        "Microsoft.VSTS.TCM.AutomationStatus": null,
        "System.History": null
      },
      "relations": null,
      "url": "https://bikesharing360dtl.visualstudio.com/_apis/wit/workItems/21"
    },
    {
      "id": 22,
      "rev": 2,
      "fields": {
        "System.AreaPath": "bikesharing360",
        "System.TeamProject": "bikesharing360",
        "System.IterationPath": "bikesharing360\\Sprint 1",
        "System.WorkItemType": "Bug",
        "System.State": "New",
        "System.Reason": "New",
        "System.CreatedDate": "2017-03-10T18:50:23.363Z",
        "System.CreatedBy": "Xiang Yan <xiangyan@microsoft.com>",
        "System.ChangedDate": "2017-03-10T21:33:10.87Z",
        "System.ChangedBy": "Xiang Yan <xiangyan@microsoft.com>",
        "System.Title": "Cannot install ipa on the phone",
        "Microsoft.VSTS.Scheduling.Effort": 0.0,
        "System.Description": null,
        "System.AssignedTo": "Drew Demonstration <bikesharing360_drew@outlook.com>",
        "Microsoft.VSTS.Scheduling.RemainingWork": 0.0,
        "Microsoft.VSTS.Common.Priority": 2.0,
        "System.BoardLane": null,
        "System.Tags": null,
        "Microsoft.VSTS.TCM.Steps": null,
        "Microsoft.VSTS.TCM.Parameters": null,
        "Microsoft.VSTS.TCM.LocalDataSource": null,
        "Microsoft.VSTS.TCM.AutomationStatus": null,
        "System.History": null
      },
      "relations": null,
      "url": "https://bikesharing360dtl.visualstudio.com/_apis/wit/workItems/22"
    },
    {
      "id": 23,
      "rev": 2,
      "fields": {
        "System.AreaPath": "bikesharing360",
        "System.TeamProject": "bikesharing360",
        "System.IterationPath": "bikesharing360\\Sprint 1",
        "System.WorkItemType": "Bug",
        "System.State": "New",
        "System.Reason": "New",
        "System.CreatedDate": "2017-03-10T18:51:19.237Z",
        "System.CreatedBy": "Xiang Yan <xiangyan@microsoft.com>",
        "System.ChangedDate": "2017-03-10T21:33:15.06Z",
        "System.ChangedBy": "Xiang Yan <xiangyan@microsoft.com>",
        "System.Title": "Password does not work",
        "Microsoft.VSTS.Scheduling.Effort": 0.0,
        "System.Description": null,
        "System.AssignedTo": "Drew Demonstration <bikesharing360_drew@outlook.com>",
        "Microsoft.VSTS.Scheduling.RemainingWork": 0.0,
        "Microsoft.VSTS.Common.Priority": 2.0,
        "System.BoardLane": null,
        "System.Tags": null,
        "Microsoft.VSTS.TCM.Steps": null,
        "Microsoft.VSTS.TCM.Parameters": null,
        "Microsoft.VSTS.TCM.LocalDataSource": null,
        "Microsoft.VSTS.TCM.AutomationStatus": null,
        "System.History": null
      },
      "relations": null,
      "url": "https://bikesharing360dtl.visualstudio.com/_apis/wit/workItems/23"
    },
    {
      "id": 27,
      "rev": 1,
      "fields": {
        "System.AreaPath": "bikesharing360",
        "System.TeamProject": "bikesharing360",
        "System.IterationPath": "bikesharing360\\Sprint 2",
        "System.WorkItemType": "Bug",
        "System.State": "New",
        "System.Reason": "New",
        "System.CreatedDate": "2017-03-27T21:48:39.653Z",
        "System.CreatedBy": "Xiang Yan <xiangyan@microsoft.com>",
        "System.ChangedDate": "2017-03-27T21:48:39.653Z",
        "System.ChangedBy": "Xiang Yan <xiangyan@microsoft.com>",
        "System.Title": "First time i sign in, the events does not show correctly",
        "Microsoft.VSTS.Scheduling.Effort": 0.0,
        "System.Description": null,
        "System.AssignedTo": null,
        "Microsoft.VSTS.Scheduling.RemainingWork": 0.0,
        "Microsoft.VSTS.Common.Priority": 2.0,
        "System.BoardLane": null,
        "System.Tags": null,
        "Microsoft.VSTS.TCM.Steps": null,
        "Microsoft.VSTS.TCM.Parameters": null,
        "Microsoft.VSTS.TCM.LocalDataSource": null,
        "Microsoft.VSTS.TCM.AutomationStatus": null,
        "System.History": null
      },
      "relations": null,
      "url": "https://bikesharing360dtl.visualstudio.com/_apis/wit/workItems/27"
    },
    {
      "id": 30,
      "rev": 1,
      "fields": {
        "System.AreaPath": "bikesharing360",
        "System.TeamProject": "bikesharing360",
        "System.IterationPath": "bikesharing360\\Sprint 2",
        "System.WorkItemType": "Bug",
        "System.State": "New",
        "System.Reason": "New",
        "System.CreatedDate": "2017-03-27T21:50:55.643Z",
        "System.CreatedBy": "Xiang Yan <xiangyan@microsoft.com>",
        "System.ChangedDate": "2017-03-27T21:50:55.643Z",
        "System.ChangedBy": "Xiang Yan <xiangyan@microsoft.com>",
        "System.Title": "NullRef setting operation status",
        "Microsoft.VSTS.Scheduling.Effort": 0.0,
        "System.Description": null,
        "System.AssignedTo": null,
        "Microsoft.VSTS.Scheduling.RemainingWork": 0.0,
        "Microsoft.VSTS.Common.Priority": 2.0,
        "System.BoardLane": null,
        "System.Tags": null,
        "Microsoft.VSTS.TCM.Steps": null,
        "Microsoft.VSTS.TCM.Parameters": null,
        "Microsoft.VSTS.TCM.LocalDataSource": null,
        "Microsoft.VSTS.TCM.AutomationStatus": null,
        "System.History": null
      },
      "relations": null,
      "url": "https://bikesharing360dtl.visualstudio.com/_apis/wit/workItems/30"
    },
    {
      "id": 31,
      "rev": 1,
      "fields": {
        "System.AreaPath": "bikesharing360",
        "System.TeamProject": "bikesharing360",
        "System.IterationPath": "bikesharing360\\Sprint 2",
        "System.WorkItemType": "Bug",
        "System.State": "New",
        "System.Reason": "New",
        "System.CreatedDate": "2017-03-27T21:51:21.067Z",
        "System.CreatedBy": "Xiang Yan <xiangyan@microsoft.com>",
        "System.ChangedDate": "2017-03-27T21:51:21.067Z",
        "System.ChangedBy": "Xiang Yan <xiangyan@microsoft.com>",
        "System.Title": "Insufficient logging when we fail to get data",
        "Microsoft.VSTS.Scheduling.Effort": 0.0,
        "System.Description": null,
        "System.AssignedTo": null,
        "Microsoft.VSTS.Scheduling.RemainingWork": 0.0,
        "Microsoft.VSTS.Common.Priority": 2.0,
        "System.BoardLane": null,
        "System.Tags": null,
        "Microsoft.VSTS.TCM.Steps": null,
        "Microsoft.VSTS.TCM.Parameters": null,
        "Microsoft.VSTS.TCM.LocalDataSource": null,
        "Microsoft.VSTS.TCM.AutomationStatus": null,
        "System.History": null
      },
      "relations": null,
      "url": "https://bikesharing360dtl.visualstudio.com/_apis/wit/workItems/31"
    },
    {
      "id": 32,
      "rev": 1,
      "fields": {
        "System.AreaPath": "bikesharing360",
        "System.TeamProject": "bikesharing360",
        "System.IterationPath": "bikesharing360\\Sprint 2",
        "System.WorkItemType": "Bug",
        "System.State": "New",
        "System.Reason": "New",
        "System.CreatedDate": "2017-03-27T21:52:24.24Z",
        "System.CreatedBy": "Xiang Yan <xiangyan@microsoft.com>",
        "System.ChangedDate": "2017-03-27T21:52:24.24Z",
        "System.ChangedBy": "Xiang Yan <xiangyan@microsoft.com>",
        "System.Title": "Communication error",
        "Microsoft.VSTS.Scheduling.Effort": 0.0,
        "System.Description": null,
        "System.AssignedTo": null,
        "Microsoft.VSTS.Scheduling.RemainingWork": 0.0,
        "Microsoft.VSTS.Common.Priority": 2.0,
        "System.BoardLane": null,
        "System.Tags": null,
        "Microsoft.VSTS.TCM.Steps": null,
        "Microsoft.VSTS.TCM.Parameters": null,
        "Microsoft.VSTS.TCM.LocalDataSource": null,
        "Microsoft.VSTS.TCM.AutomationStatus": null,
        "System.History": null
      },
      "relations": null,
      "url": "https://bikesharing360dtl.visualstudio.com/_apis/wit/workItems/32"
    },
    {
      "id": 34,
      "rev": 1,
      "fields": {
        "System.AreaPath": "bikesharing360",
        "System.TeamProject": "bikesharing360",
        "System.IterationPath": "bikesharing360\\Sprint 2",
        "System.WorkItemType": "Bug",
        "System.State": "New",
        "System.Reason": "New",
        "System.CreatedDate": "2017-03-27T21:53:27.73Z",
        "System.CreatedBy": "Xiang Yan <xiangyan@microsoft.com>",
        "System.ChangedDate": "2017-03-27T21:53:27.73Z",
        "System.ChangedBy": "Xiang Yan <xiangyan@microsoft.com>",
        "System.Title": "Remove in-memory cache",
        "Microsoft.VSTS.Scheduling.Effort": 0.0,
        "System.Description": null,
        "System.AssignedTo": null,
        "Microsoft.VSTS.Scheduling.RemainingWork": 0.0,
        "Microsoft.VSTS.Common.Priority": 2.0,
        "System.BoardLane": null,
        "System.Tags": null,
        "Microsoft.VSTS.TCM.Steps": null,
        "Microsoft.VSTS.TCM.Parameters": null,
        "Microsoft.VSTS.TCM.LocalDataSource": null,
        "Microsoft.VSTS.TCM.AutomationStatus": null,
        "System.History": null
      },
      "relations": null,
      "url": "https://bikesharing360dtl.visualstudio.com/_apis/wit/workItems/34"
    },
    {
      "id": 35,
      "rev": 1,
      "fields": {
        "System.AreaPath": "bikesharing360",
        "System.TeamProject": "bikesharing360",
        "System.IterationPath": "bikesharing360\\Sprint 2",
        "System.WorkItemType": "Bug",
        "System.State": "New",
        "System.Reason": "New",
        "System.CreatedDate": "2017-03-27T21:53:49.09Z",
        "System.CreatedBy": "Xiang Yan <xiangyan@microsoft.com>",
        "System.ChangedDate": "2017-03-27T21:53:49.09Z",
        "System.ChangedBy": "Xiang Yan <xiangyan@microsoft.com>",
        "System.Title": "Cannot see failed state",
        "Microsoft.VSTS.Scheduling.Effort": 0.0,
        "System.Description": null,
        "System.AssignedTo": null,
        "Microsoft.VSTS.Scheduling.RemainingWork": 0.0,
        "Microsoft.VSTS.Common.Priority": 2.0,
        "System.BoardLane": null,
        "System.Tags": null,
        "Microsoft.VSTS.TCM.Steps": null,
        "Microsoft.VSTS.TCM.Parameters": null,
        "Microsoft.VSTS.TCM.LocalDataSource": null,
        "Microsoft.VSTS.TCM.AutomationStatus": null,
        "System.History": null
      },
      "relations": null,
      "url": "https://bikesharing360dtl.visualstudio.com/_apis/wit/workItems/35"
    },
    {
      "id": 36,
      "rev": 1,
      "fields": {
        "System.AreaPath": "bikesharing360",
        "System.TeamProject": "bikesharing360",
        "System.IterationPath": "bikesharing360\\Sprint 2",
        "System.WorkItemType": "Bug",
        "System.State": "New",
        "System.Reason": "New",
        "System.CreatedDate": "2017-03-27T21:54:27.073Z",
        "System.CreatedBy": "Xiang Yan <xiangyan@microsoft.com>",
        "System.ChangedDate": "2017-03-27T21:54:27.073Z",
        "System.ChangedBy": "Xiang Yan <xiangyan@microsoft.com>",
        "System.Title": "Event no responding",
        "Microsoft.VSTS.Scheduling.Effort": 0.0,
        "System.Description": null,
        "System.AssignedTo": null,
        "Microsoft.VSTS.Scheduling.RemainingWork": 0.0,
        "Microsoft.VSTS.Common.Priority": 2.0,
        "System.BoardLane": null,
        "System.Tags": null,
        "Microsoft.VSTS.TCM.Steps": null,
        "Microsoft.VSTS.TCM.Parameters": null,
        "Microsoft.VSTS.TCM.LocalDataSource": null,
        "Microsoft.VSTS.TCM.AutomationStatus": null,
        "System.History": null
      },
      "relations": null,
      "url": "https://bikesharing360dtl.visualstudio.com/_apis/wit/workItems/36"
    },
    {
      "id": 37,
      "rev": 1,
      "fields": {
        "System.AreaPath": "bikesharing360",
        "System.TeamProject": "bikesharing360",
        "System.IterationPath": "bikesharing360\\Sprint 2",
        "System.WorkItemType": "Bug",
        "System.State": "New",
        "System.Reason": "New",
        "System.CreatedDate": "2017-03-27T21:54:35.527Z",
        "System.CreatedBy": "Xiang Yan <xiangyan@microsoft.com>",
        "System.ChangedDate": "2017-03-27T21:54:35.527Z",
        "System.ChangedBy": "Xiang Yan <xiangyan@microsoft.com>",
        "System.Title": "Cannot start new trip",
        "Microsoft.VSTS.Scheduling.Effort": 0.0,
        "System.Description": null,
        "System.AssignedTo": null,
        "Microsoft.VSTS.Scheduling.RemainingWork": 0.0,
        "Microsoft.VSTS.Common.Priority": 2.0,
        "System.BoardLane": null,
        "System.Tags": null,
        "Microsoft.VSTS.TCM.Steps": null,
        "Microsoft.VSTS.TCM.Parameters": null,
        "Microsoft.VSTS.TCM.LocalDataSource": null,
        "Microsoft.VSTS.TCM.AutomationStatus": null,
        "System.History": null
      },
      "relations": null,
      "url": "https://bikesharing360dtl.visualstudio.com/_apis/wit/workItems/37"
    },
    {
      "id": 38,
      "rev": 1,
      "fields": {
        "System.AreaPath": "bikesharing360",
        "System.TeamProject": "bikesharing360",
        "System.IterationPath": "bikesharing360\\Sprint 2",
        "System.WorkItemType": "Bug",
        "System.State": "New",
        "System.Reason": "New",
        "System.CreatedDate": "2017-03-27T21:55:00.467Z",
        "System.CreatedBy": "Xiang Yan <xiangyan@microsoft.com>",
        "System.ChangedDate": "2017-03-27T21:55:00.467Z",
        "System.ChangedBy": "Xiang Yan <xiangyan@microsoft.com>",
        "System.Title": "Fail to load map",
        "Microsoft.VSTS.Scheduling.Effort": 0.0,
        "System.Description": null,
        "System.AssignedTo": null,
        "Microsoft.VSTS.Scheduling.RemainingWork": 0.0,
        "Microsoft.VSTS.Common.Priority": 2.0,
        "System.BoardLane": null,
        "System.Tags": null,
        "Microsoft.VSTS.TCM.Steps": null,
        "Microsoft.VSTS.TCM.Parameters": null,
        "Microsoft.VSTS.TCM.LocalDataSource": null,
        "Microsoft.VSTS.TCM.AutomationStatus": null,
        "System.History": null
      },
      "relations": null,
      "url": "https://bikesharing360dtl.visualstudio.com/_apis/wit/workItems/38"
    },
    {
      "id": 39,
      "rev": 1,
      "fields": {
        "System.AreaPath": "bikesharing360",
        "System.TeamProject": "bikesharing360",
        "System.IterationPath": "bikesharing360\\Sprint 2",
        "System.WorkItemType": "Bug",
        "System.State": "New",
        "System.Reason": "New",
        "System.CreatedDate": "2017-03-27T21:56:50.69Z",
        "System.CreatedBy": "Xiang Yan <xiangyan@microsoft.com>",
        "System.ChangedDate": "2017-03-27T21:56:50.69Z",
        "System.ChangedBy": "Xiang Yan <xiangyan@microsoft.com>",
        "System.Title": "No log out",
        "Microsoft.VSTS.Scheduling.Effort": 0.0,
        "System.Description": null,
        "System.AssignedTo": null,
        "Microsoft.VSTS.Scheduling.RemainingWork": 0.0,
        "Microsoft.VSTS.Common.Priority": 2.0,
        "System.BoardLane": null,
        "System.Tags": null,
        "Microsoft.VSTS.TCM.Steps": null,
        "Microsoft.VSTS.TCM.Parameters": null,
        "Microsoft.VSTS.TCM.LocalDataSource": null,
        "Microsoft.VSTS.TCM.AutomationStatus": null,
        "System.History": null
      },
      "relations": null,
      "url": "https://bikesharing360dtl.visualstudio.com/_apis/wit/workItems/39"
    },
    {
      "id": 44,
      "rev": 1,
      "fields": {
        "System.AreaPath": "bikesharing360",
        "System.TeamProject": "bikesharing360",
        "System.IterationPath": "bikesharing360\\Sprint 2",
        "System.WorkItemType": "Bug",
        "System.State": "New",
        "System.Reason": "New",
        "System.CreatedDate": "2017-03-27T21:59:41.82Z",
        "System.CreatedBy": "Xiang Yan <xiangyan@microsoft.com>",
        "System.ChangedDate": "2017-03-27T21:59:41.82Z",
        "System.ChangedBy": "Xiang Yan <xiangyan@microsoft.com>",
        "System.Title": "Show an error icon when base image is not selected",
        "Microsoft.VSTS.Scheduling.Effort": 0.0,
        "System.Description": null,
        "System.AssignedTo": null,
        "Microsoft.VSTS.Scheduling.RemainingWork": 0.0,
        "Microsoft.VSTS.Common.Priority": 2.0,
        "System.BoardLane": null,
        "System.Tags": null,
        "Microsoft.VSTS.TCM.Steps": null,
        "Microsoft.VSTS.TCM.Parameters": null,
        "Microsoft.VSTS.TCM.LocalDataSource": null,
        "Microsoft.VSTS.TCM.AutomationStatus": null,
        "System.History": null
      },
      "relations": null,
      "url": "https://bikesharing360dtl.visualstudio.com/_apis/wit/workItems/44"
    },
    {
      "id": 49,
      "rev": 1,
      "fields": {
        "System.AreaPath": "bikesharing360",
        "System.TeamProject": "bikesharing360",
        "System.IterationPath": "bikesharing360\\Sprint 2",
        "System.WorkItemType": "Bug",
        "System.State": "New",
        "System.Reason": "New",
        "System.CreatedDate": "2017-03-27T22:01:58.59Z",
        "System.CreatedBy": "Xiang Yan <xiangyan@microsoft.com>",
        "System.ChangedDate": "2017-03-27T22:01:58.59Z",
        "System.ChangedBy": "Xiang Yan <xiangyan@microsoft.com>",
        "System.Title": "Encrypt password",
        "Microsoft.VSTS.Scheduling.Effort": 0.0,
        "System.Description": null,
        "System.AssignedTo": null,
        "Microsoft.VSTS.Scheduling.RemainingWork": 0.0,
        "Microsoft.VSTS.Common.Priority": 2.0,
        "System.BoardLane": null,
        "System.Tags": null,
        "Microsoft.VSTS.TCM.Steps": null,
        "Microsoft.VSTS.TCM.Parameters": null,
        "Microsoft.VSTS.TCM.LocalDataSource": null,
        "Microsoft.VSTS.TCM.AutomationStatus": null,
        "System.History": null
      },
      "relations": null,
      "url": "https://bikesharing360dtl.visualstudio.com/_apis/wit/workItems/49"
    },
    {
      "id": 50,
      "rev": 1,
      "fields": {
        "System.AreaPath": "bikesharing360",
        "System.TeamProject": "bikesharing360",
        "System.IterationPath": "bikesharing360\\Sprint 2",
        "System.WorkItemType": "Bug",
        "System.State": "New",
        "System.Reason": "New",
        "System.CreatedDate": "2017-03-27T22:02:50.733Z",
        "System.CreatedBy": "Xiang Yan <xiangyan@microsoft.com>",
        "System.ChangedDate": "2017-03-27T22:02:50.733Z",
        "System.ChangedBy": "Xiang Yan <xiangyan@microsoft.com>",
        "System.Title": "Trip does not really work until user refreshes",
        "Microsoft.VSTS.Scheduling.Effort": 0.0,
        "System.Description": null,
        "System.AssignedTo": null,
        "Microsoft.VSTS.Scheduling.RemainingWork": 0.0,
        "Microsoft.VSTS.Common.Priority": 2.0,
        "System.BoardLane": null,
        "System.Tags": null,
        "Microsoft.VSTS.TCM.Steps": null,
        "Microsoft.VSTS.TCM.Parameters": null,
        "Microsoft.VSTS.TCM.LocalDataSource": null,
        "Microsoft.VSTS.TCM.AutomationStatus": null,
        "System.History": null
      },
      "relations": null,
      "url": "https://bikesharing360dtl.visualstudio.com/_apis/wit/workItems/50"
    },
    {
      "id": 51,
      "rev": 1,
      "fields": {
        "System.AreaPath": "bikesharing360",
        "System.TeamProject": "bikesharing360",
        "System.IterationPath": "bikesharing360\\Sprint 2",
        "System.WorkItemType": "Bug",
        "System.State": "New",
        "System.Reason": "New",
        "System.CreatedDate": "2017-03-27T22:04:07.423Z",
        "System.CreatedBy": "Xiang Yan <xiangyan@microsoft.com>",
        "System.ChangedDate": "2017-03-27T22:04:07.423Z",
        "System.ChangedBy": "Xiang Yan <xiangyan@microsoft.com>",
        "System.Title": "Fix non run command",
        "Microsoft.VSTS.Scheduling.Effort": 0.0,
        "System.Description": null,
        "System.AssignedTo": null,
        "Microsoft.VSTS.Scheduling.RemainingWork": 0.0,
        "Microsoft.VSTS.Common.Priority": 2.0,
        "System.BoardLane": null,
        "System.Tags": null,
        "Microsoft.VSTS.TCM.Steps": null,
        "Microsoft.VSTS.TCM.Parameters": null,
        "Microsoft.VSTS.TCM.LocalDataSource": null,
        "Microsoft.VSTS.TCM.AutomationStatus": null,
        "System.History": null
      },
      "relations": null,
      "url": "https://bikesharing360dtl.visualstudio.com/_apis/wit/workItems/51"
    },
    {
      "id": 56,
      "rev": 1,
      "fields": {
        "System.AreaPath": "bikesharing360",
        "System.TeamProject": "bikesharing360",
        "System.IterationPath": "bikesharing360\\Sprint 2",
        "System.WorkItemType": "Bug",
        "System.State": "New",
        "System.Reason": "New",
        "System.CreatedDate": "2017-03-27T22:05:47.79Z",
        "System.CreatedBy": "Xiang Yan <xiangyan@microsoft.com>",
        "System.ChangedDate": "2017-03-27T22:05:47.79Z",
        "System.ChangedBy": "Xiang Yan <xiangyan@microsoft.com>",
        "System.Title": "Weather does not work correctly",
        "Microsoft.VSTS.Scheduling.Effort": 0.0,
        "System.Description": null,
        "System.AssignedTo": null,
        "Microsoft.VSTS.Scheduling.RemainingWork": 0.0,
        "Microsoft.VSTS.Common.Priority": 2.0,
        "System.BoardLane": null,
        "System.Tags": null,
        "Microsoft.VSTS.TCM.Steps": null,
        "Microsoft.VSTS.TCM.Parameters": null,
        "Microsoft.VSTS.TCM.LocalDataSource": null,
        "Microsoft.VSTS.TCM.AutomationStatus": null,
        "System.History": null
      },
      "relations": null,
      "url": "https://bikesharing360dtl.visualstudio.com/_apis/wit/workItems/56"
    },
    {
      "id": 57,
      "rev": 1,
      "fields": {
        "System.AreaPath": "bikesharing360",
        "System.TeamProject": "bikesharing360",
        "System.IterationPath": "bikesharing360\\Sprint 2",
        "System.WorkItemType": "Bug",
        "System.State": "New",
        "System.Reason": "New",
        "System.CreatedDate": "2017-03-27T22:06:37.057Z",
        "System.CreatedBy": "Xiang Yan <xiangyan@microsoft.com>",
        "System.ChangedDate": "2017-03-27T22:06:37.057Z",
        "System.ChangedBy": "Xiang Yan <xiangyan@microsoft.com>",
        "System.Title": "Typo: password placehoder",
        "Microsoft.VSTS.Scheduling.Effort": 0.0,
        "System.Description": null,
        "System.AssignedTo": null,
        "Microsoft.VSTS.Scheduling.RemainingWork": 0.0,
        "Microsoft.VSTS.Common.Priority": 2.0,
        "System.BoardLane": null,
        "System.Tags": null,
        "Microsoft.VSTS.TCM.Steps": null,
        "Microsoft.VSTS.TCM.Parameters": null,
        "Microsoft.VSTS.TCM.LocalDataSource": null,
        "Microsoft.VSTS.TCM.AutomationStatus": null,
        "System.History": null
      },
      "relations": null,
      "url": "https://bikesharing360dtl.visualstudio.com/_apis/wit/workItems/57"
    },
    {
      "id": 58,
      "rev": 1,
      "fields": {
        "System.AreaPath": "bikesharing360",
        "System.TeamProject": "bikesharing360",
        "System.IterationPath": "bikesharing360\\Sprint 2",
        "System.WorkItemType": "Bug",
        "System.State": "New",
        "System.Reason": "New",
        "System.CreatedDate": "2017-03-27T22:06:51.68Z",
        "System.CreatedBy": "Xiang Yan <xiangyan@microsoft.com>",
        "System.ChangedDate": "2017-03-27T22:06:51.68Z",
        "System.ChangedBy": "Xiang Yan <xiangyan@microsoft.com>",
        "System.Title": "Renew certificates",
        "Microsoft.VSTS.Scheduling.Effort": 0.0,
        "System.Description": null,
        "System.AssignedTo": null,
        "Microsoft.VSTS.Scheduling.RemainingWork": 0.0,
        "Microsoft.VSTS.Common.Priority": 2.0,
        "System.BoardLane": null,
        "System.Tags": null,
        "Microsoft.VSTS.TCM.Steps": null,
        "Microsoft.VSTS.TCM.Parameters": null,
        "Microsoft.VSTS.TCM.LocalDataSource": null,
        "Microsoft.VSTS.TCM.AutomationStatus": null,
        "System.History": null
      },
      "relations": null,
      "url": "https://bikesharing360dtl.visualstudio.com/_apis/wit/workItems/58"
    },
    {
      "id": 59,
      "rev": 1,
      "fields": {
        "System.AreaPath": "bikesharing360",
        "System.TeamProject": "bikesharing360",
        "System.IterationPath": "bikesharing360\\Sprint 2",
        "System.WorkItemType": "Bug",
        "System.State": "New",
        "System.Reason": "New",
        "System.CreatedDate": "2017-03-27T22:08:12.31Z",
        "System.CreatedBy": "Xiang Yan <xiangyan@microsoft.com>",
        "System.ChangedDate": "2017-03-27T22:08:12.31Z",
        "System.ChangedBy": "Xiang Yan <xiangyan@microsoft.com>",
        "System.Title": "Credit card setting does not work",
        "Microsoft.VSTS.Scheduling.Effort": 0.0,
        "System.Description": null,
        "System.AssignedTo": null,
        "Microsoft.VSTS.Scheduling.RemainingWork": 0.0,
        "Microsoft.VSTS.Common.Priority": 2.0,
        "System.BoardLane": null,
        "System.Tags": null,
        "Microsoft.VSTS.TCM.Steps": null,
        "Microsoft.VSTS.TCM.Parameters": null,
        "Microsoft.VSTS.TCM.LocalDataSource": null,
        "Microsoft.VSTS.TCM.AutomationStatus": null,
        "System.History": null
      },
      "relations": null,
      "url": "https://bikesharing360dtl.visualstudio.com/_apis/wit/workItems/59"
    },
    {
      "id": 60,
      "rev": 1,
      "fields": {
        "System.AreaPath": "bikesharing360",
        "System.TeamProject": "bikesharing360",
        "System.IterationPath": "bikesharing360\\Sprint 2",
        "System.WorkItemType": "Bug",
        "System.State": "New",
        "System.Reason": "New",
        "System.CreatedDate": "2017-03-27T22:09:10.343Z",
        "System.CreatedBy": "Xiang Yan <xiangyan@microsoft.com>",
        "System.ChangedDate": "2017-03-27T22:09:10.343Z",
        "System.ChangedBy": "Xiang Yan <xiangyan@microsoft.com>",
        "System.Title": "Cannot cancel a ride",
        "Microsoft.VSTS.Scheduling.Effort": 0.0,
        "System.Description": null,
        "System.AssignedTo": null,
        "Microsoft.VSTS.Scheduling.RemainingWork": 0.0,
        "Microsoft.VSTS.Common.Priority": 2.0,
        "System.BoardLane": null,
        "System.Tags": null,
        "Microsoft.VSTS.TCM.Steps": null,
        "Microsoft.VSTS.TCM.Parameters": null,
        "Microsoft.VSTS.TCM.LocalDataSource": null,
        "Microsoft.VSTS.TCM.AutomationStatus": null,
        "System.History": null
      },
      "relations": null,
      "url": "https://bikesharing360dtl.visualstudio.com/_apis/wit/workItems/60"
    },
    {
      "id": 61,
      "rev": 1,
      "fields": {
        "System.AreaPath": "bikesharing360",
        "System.TeamProject": "bikesharing360",
        "System.IterationPath": "bikesharing360\\Sprint 2",
        "System.WorkItemType": "Bug",
        "System.State": "New",
        "System.Reason": "New",
        "System.CreatedDate": "2017-03-27T22:09:29.22Z",
        "System.CreatedBy": "Xiang Yan <xiangyan@microsoft.com>",
        "System.ChangedDate": "2017-03-27T22:09:29.22Z",
        "System.ChangedBy": "Xiang Yan <xiangyan@microsoft.com>",
        "System.Title": "NullRef on POST Schedule during Deallocate",
        "Microsoft.VSTS.Scheduling.Effort": 0.0,
        "System.Description": null,
        "System.AssignedTo": null,
        "Microsoft.VSTS.Scheduling.RemainingWork": 0.0,
        "Microsoft.VSTS.Common.Priority": 2.0,
        "System.BoardLane": null,
        "System.Tags": null,
        "Microsoft.VSTS.TCM.Steps": null,
        "Microsoft.VSTS.TCM.Parameters": null,
        "Microsoft.VSTS.TCM.LocalDataSource": null,
        "Microsoft.VSTS.TCM.AutomationStatus": null,
        "System.History": null
      },
      "relations": null,
      "url": "https://bikesharing360dtl.visualstudio.com/_apis/wit/workItems/61"
    },
    {
      "id": 62,
      "rev": 1,
      "fields": {
        "System.AreaPath": "bikesharing360",
        "System.TeamProject": "bikesharing360",
        "System.IterationPath": "bikesharing360\\Sprint 2",
        "System.WorkItemType": "Bug",
        "System.State": "New",
        "System.Reason": "New",
        "System.CreatedDate": "2017-03-27T22:10:01.987Z",
        "System.CreatedBy": "Xiang Yan <xiangyan@microsoft.com>",
        "System.ChangedDate": "2017-03-27T22:10:01.987Z",
        "System.ChangedBy": "Xiang Yan <xiangyan@microsoft.com>",
        "System.Title": "Crash when clicking the map",
        "Microsoft.VSTS.Scheduling.Effort": 0.0,
        "System.Description": null,
        "System.AssignedTo": null,
        "Microsoft.VSTS.Scheduling.RemainingWork": 0.0,
        "Microsoft.VSTS.Common.Priority": 2.0,
        "System.BoardLane": null,
        "System.Tags": null,
        "Microsoft.VSTS.TCM.Steps": null,
        "Microsoft.VSTS.TCM.Parameters": null,
        "Microsoft.VSTS.TCM.LocalDataSource": null,
        "Microsoft.VSTS.TCM.AutomationStatus": null,
        "System.History": null
      },
      "relations": null,
      "url": "https://bikesharing360dtl.visualstudio.com/_apis/wit/workItems/62"
    },
    {
      "id": 63,
      "rev": 1,
      "fields": {
        "System.AreaPath": "bikesharing360",
        "System.TeamProject": "bikesharing360",
        "System.IterationPath": "bikesharing360\\Sprint 2",
        "System.WorkItemType": "Bug",
        "System.State": "New",
        "System.Reason": "New",
        "System.CreatedDate": "2017-03-27T22:10:44.94Z",
        "System.CreatedBy": "Xiang Yan <xiangyan@microsoft.com>",
        "System.ChangedDate": "2017-03-27T22:10:44.94Z",
        "System.ChangedBy": "Xiang Yan <xiangyan@microsoft.com>",
        "System.Title": "InternalCommandProcessor should set ProvisioningState to Failed on unhandled exception",
        "Microsoft.VSTS.Scheduling.Effort": 0.0,
        "System.Description": null,
        "System.AssignedTo": null,
        "Microsoft.VSTS.Scheduling.RemainingWork": 0.0,
        "Microsoft.VSTS.Common.Priority": 2.0,
        "System.BoardLane": null,
        "System.Tags": null,
        "Microsoft.VSTS.TCM.Steps": null,
        "Microsoft.VSTS.TCM.Parameters": null,
        "Microsoft.VSTS.TCM.LocalDataSource": null,
        "Microsoft.VSTS.TCM.AutomationStatus": null,
        "System.History": null
      },
      "relations": null,
      "url": "https://bikesharing360dtl.visualstudio.com/_apis/wit/workItems/63"
    },
    {
      "id": 64,
      "rev": 1,
      "fields": {
        "System.AreaPath": "bikesharing360",
        "System.TeamProject": "bikesharing360",
        "System.IterationPath": "bikesharing360\\Sprint 2",
        "System.WorkItemType": "Bug",
        "System.State": "New",
        "System.Reason": "New",
        "System.CreatedDate": "2017-03-27T22:11:32.74Z",
        "System.CreatedBy": "Xiang Yan <xiangyan@microsoft.com>",
        "System.ChangedDate": "2017-03-27T22:11:32.74Z",
        "System.ChangedBy": "Xiang Yan <xiangyan@microsoft.com>",
        "System.Title": "Expiration date does not work",
        "Microsoft.VSTS.Scheduling.Effort": 0.0,
        "System.Description": null,
        "System.AssignedTo": null,
        "Microsoft.VSTS.Scheduling.RemainingWork": 0.0,
        "Microsoft.VSTS.Common.Priority": 2.0,
        "System.BoardLane": null,
        "System.Tags": null,
        "Microsoft.VSTS.TCM.Steps": null,
        "Microsoft.VSTS.TCM.Parameters": null,
        "Microsoft.VSTS.TCM.LocalDataSource": null,
        "Microsoft.VSTS.TCM.AutomationStatus": null,
        "System.History": null
      },
      "relations": null,
      "url": "https://bikesharing360dtl.visualstudio.com/_apis/wit/workItems/64"
    },
    {
      "id": 65,
      "rev": 1,
      "fields": {
        "System.AreaPath": "bikesharing360",
        "System.TeamProject": "bikesharing360",
        "System.IterationPath": "bikesharing360\\Sprint 2",
        "System.WorkItemType": "Bug",
        "System.State": "New",
        "System.Reason": "New",
        "System.CreatedDate": "2017-03-27T22:11:53.35Z",
        "System.CreatedBy": "Xiang Yan <xiangyan@microsoft.com>",
        "System.ChangedDate": "2017-03-27T22:11:53.35Z",
        "System.ChangedBy": "Xiang Yan <xiangyan@microsoft.com>",
        "System.Title": "POST Schedule NullRefException",
        "Microsoft.VSTS.Scheduling.Effort": 0.0,
        "System.Description": null,
        "System.AssignedTo": null,
        "Microsoft.VSTS.Scheduling.RemainingWork": 0.0,
        "Microsoft.VSTS.Common.Priority": 2.0,
        "System.BoardLane": null,
        "System.Tags": null,
        "Microsoft.VSTS.TCM.Steps": null,
        "Microsoft.VSTS.TCM.Parameters": null,
        "Microsoft.VSTS.TCM.LocalDataSource": null,
        "Microsoft.VSTS.TCM.AutomationStatus": null,
        "System.History": null
      },
      "relations": null,
      "url": "https://bikesharing360dtl.visualstudio.com/_apis/wit/workItems/65"
    },
    {
      "id": 2,
      "rev": 3,
      "fields": {
        "System.AreaPath": "bikesharing360",
        "System.TeamProject": "bikesharing360",
        "System.IterationPath": "bikesharing360\\Sprint 1",
        "System.WorkItemType": "Bug",
        "System.State": "Active",
        "System.Reason": "Investigate",
        "System.CreatedDate": "2017-02-15T18:55:53.747Z",
        "System.CreatedBy": "Xiang Yan <xiangyan@microsoft.com>",
        "System.ChangedDate": "2017-02-28T16:04:09Z",
        "System.ChangedBy": "Jay Schmelzer <jaysch@microsoft.com>",
        "System.Title": "Sign in button is missing on iOS 9",
        "Microsoft.VSTS.Scheduling.Effort": 0.0,
        "System.Description": null,
        "System.AssignedTo": "Jay Schmelzer <jaysch@microsoft.com>",
        "Microsoft.VSTS.Scheduling.RemainingWork": 4.0,
        "Microsoft.VSTS.Common.Priority": 2.0,
        "System.BoardLane": null,
        "System.Tags": null,
        "Microsoft.VSTS.TCM.Steps": null,
        "Microsoft.VSTS.TCM.Parameters": null,
        "Microsoft.VSTS.TCM.LocalDataSource": null,
        "Microsoft.VSTS.TCM.AutomationStatus": null,
        "System.History": null
      },
      "relations": null,
      "url": "https://bikesharing360dtl.visualstudio.com/_apis/wit/workItems/2"
    }
  ],
  "HttpStatusCode": 0
}