{
  "dashboard": {
    "eTag": "$eTag$"
  },
  "name": "User Stories by Assigned To",
  "position": {
    "row": "4",
    "column": "3"
  },
  "size": {
    "rowSpan": 2,
    "columnSpan": 2
  },
  "settings": "{\"scope\":\"WorkitemTracking.Queries\",\"groupKey\":\"$QueryId$\",\"title\":\"User Stories by Assigned To\",\"chartType\":\"BarChart\",\"transformOptions\":{\"filter\":\"$QueryId$\",\"groupBy\":\"System.AssignedTo\",\"orderBy\":{\"direction\":\"descending\",\"propertyName\":\"value\"},\"measure\":{\"aggregation\":\"count\",\"propertyName\":\"\"},\"historyRange\":null},\"userColors\":[],\"lastArtifactName\":\"User Stories by Assigned To\"}",
  "settingsVersion": {
    "major": 3,
    "minor": 0,
    "patch": 0
  },
  "contributionId": "ms.vss-dashboards-web.Microsoft.VisualStudioOnline.Dashboards.WitChartWidget"
}