{
  "dashboard": {
    "eTag": "$eTag$"
  },
  "name": "User Stories by State",
  "position": {
    "row": "4",
    "column": "1"
  },
  "size": {
    "rowSpan": 2,
    "columnSpan": 2
  },
  "settings": "{\"scope\":\"WorkitemTracking.Queries\",\"groupKey\":\"$QueryId$\",\"title\":\"User Stories by State\",\"chartType\":\"PieChart\",\"transformOptions\":{\"filter\":\"$QueryId$\",\"groupBy\":\"System.State\",\"orderBy\":{\"direction\":\"descending\",\"propertyName\":\"value\"},\"measure\":{\"aggregation\":\"count\",\"propertyName\":\"\"},\"historyRange\":null},\"userColors\":[],\"lastArtifactName\":\"User Stories by State\"}",
  "settingsVersion": {
    "major": 3,
    "minor": 0,
    "patch": 0
  },
  "contributionId": "ms.vss-dashboards-web.Microsoft.VisualStudioOnline.Dashboards.WitChartWidget"
}