{
  "name": "PrivateWeb",
  "build": [
    {
      "enabled": true,
      "continueOnError": false,
      "alwaysRun": false,
      "displayName": "Run dotnet",
      "timeoutInMinutes": 0,
      "task": {
        "id": "d9bafed4-0b18-4f58-968d-86655b4d2ce9",
        "versionSpec": "1.*",
        "definitionType": "task"
      },
      "inputs": {
        "filename": "dotnet",
        "arguments": "restore",
        "workingFolder": "BikeSharing360_Websites/PrivateWebSite/src/BikeSharing_Private_Web_Site",
        "failOnStandardError": "false"
        
      }
    },
    {
      "enabled": true,
      "continueOnError": false,
      "alwaysRun": false,
      "displayName": "npm install",
      "timeoutInMinutes": 0,
      "task": {
        "id": "fe47e961-9fa8-4106-8639-368c022d43ad",
        "versionSpec": "0.*",
        "definitionType": "task"
      },
      "inputs": {
         "cwd": "BikeSharing360_Websites/PrivateWebSite/src/BikeSharing_Private_Web_Site",
        "command": "install",
        "arguments": ""
      }
    },
    {
      "enabled": true,
      "continueOnError": false,
      "alwaysRun": false,
      "displayName": "gulp build",
      "timeoutInMinutes": 0,
      "task": {
        "id": "b82cfbe4-34f9-40f5-889e-c8842ca9dd9d",
        "versionSpec": "0.*",
        "definitionType": "task"
      },
      "inputs": {
        "gulpFile": "BikeSharing360_Websites/PrivateWebSite/src/BikeSharing_Private_Web_Site/gulpfile.js",
        "targets": "build",
        "arguments": "",
        "cwd": "BikeSharing360_Websites/PrivateWebSite/src/BikeSharing_Private_Web_Site",
        "gulpjs": "node_modules/gulp/bin/gulp.js",
        "publishJUnitResults": "false",
        "testResultsFiles": "**/TEST-*.xml",
        "testRunTitle": "",
        "enableCodeCoverage": "false",
        "testFramework": "Mocha",
        "srcFiles": "",
        "testFiles": "test/*.js"
      }
    },
    {
      "enabled": false,
      "continueOnError": false,
      "alwaysRun": false,
      "displayName": "Run dotnet",
      "timeoutInMinutes": 0,
      "task": {
        "id": "d9bafed4-0b18-4f58-968d-86655b4d2ce9",
        "versionSpec": "1.*",
        "definitionType": "task"
      },
      "inputs": {
         "filename": "dotnet",
        "arguments": "pack --configuration $(BuildConfiguration)",
        "workingFolder": "BikeSharing360_Websites/PrivateWebSite/src/BikeSharing_Private_Web_Site",
        "failOnStandardError": "false"
      }
    },
    {
      "enabled": true,
      "continueOnError": false,
      "alwaysRun": false,
      "displayName": "Build solution BikeSharing360_Websites/PrivateWebSite/BikeSharing_Private_Web_Site.sln",
      "timeoutInMinutes": 0,
      "task": {
        "id": "71a9a2d3-a98a-4caa-96ab-affca411ecda",
        "versionSpec": "1.*",
        "definitionType": "task"
      },
      "inputs": {
       "solution": "BikeSharing360_Websites/PrivateWebSite/BikeSharing_Private_Web_Site.sln",
        "msbuildArgs": "",
        "platform": "$(BuildPlatform)",
        "configuration": "$(BuildConfiguration)",
        "clean": "false",
        "vsVersion": "14.0",
        "maximumCpuCount": "false",
        "restoreNugetPackages": "false",
        "msbuildArchitecture": "x86",
        "logProjectEvents": "true",
        "createLogFile": "false"
      }
    },
    {
      "enabled": true,
      "continueOnError": false,
      "alwaysRun": false,
      "displayName": "Run dotnet",
      "timeoutInMinutes": 0,
      "task": {
        "id": "d9bafed4-0b18-4f58-968d-86655b4d2ce9",
        "versionSpec": "1.*",
        "definitionType": "task"
      },
      "inputs": {
           "filename": "dotnet",
        "arguments": "publish -c $(BuildConfiguration)  -o $(Build.StagingDirectory)/app/",
        "workingFolder": "BikeSharing360_Websites/PrivateWebSite/src/BikeSharing_Private_Web_Site",
        "failOnStandardError": false
      }
    },
    {
      "enabled": true,
      "continueOnError": false,
      "alwaysRun": false,
      "displayName": "Archive files ",
      "timeoutInMinutes": 0,
      "task": {
        "id": "d8b84976-e99a-4b86-b885-4849694435b0",
        "versionSpec": "1.*",
        "definitionType": "task"
      },
      "inputs": {
       "rootFolder": "$(Build.StagingDirectory)/app/",
        "includeRootFolder": "true",
        "archiveType": "default",
        "tarCompression": "gz",
        "archiveFile": "$(Build.ArtifactStagingDirectory)/drop/$(Build.BuildId).zip",
        "replaceExistingArchive": "true"
      }
    },
    {
      "enabled": true,
      "continueOnError": false,
      "alwaysRun": false,
      "displayName": "Copy Publish Artifact: drop",
      "timeoutInMinutes": 0,
      "task": {
        "id": "1d341bb0-2106-458c-8422-d00bcea6512a",
        "versionSpec": "1.*",
        "definitionType": "task"
      },
      "inputs": {
            "CopyRoot": "",
        "Contents": "$(Build.ArtifactStagingDirectory)",
        "ArtifactName": "drop",
        "ArtifactType": "Container",
        "TargetPath": "\\\\my\\share\\$(Build.DefinitionName)\\$(Build.BuildNumber)"
      }
    },
    {
      "enabled": true,
      "continueOnError": false,
      "alwaysRun": false,
      "displayName": "Copy Publish Artifact: DACPAC",
      "timeoutInMinutes": 0,
      "task": {
        "id": "1d341bb0-2106-458c-8422-d00bcea6512a",
        "versionSpec": "1.*",
        "definitionType": "task"
      },
      "inputs": {
        "CopyRoot": "$(Agent.BuildDirectory)",
        "Contents": "**\\*.dacpac",
        "ArtifactName": "DACPAC",
        "ArtifactType": "Container",
        "TargetPath": "\\\\my\\share\\$(Build.DefinitionName)\\$(Build.BuildNumber)"
      }
    }
  ],
  "options": [
    {
      "enabled": false,
      "definition": {
        "id": "7c555368-ca64-4199-add6-9ebaf0b0137d"
      },
      "inputs": {
        "parallel": false,
        "continueOnError": true,
        "workItemType": null,
        "assignToRequestor": false,
        "additionalFields": "{}",
        "multipliers": "[]"
      }
    },
    {
      "enabled": false,
      "definition": {
        "id": "a9db38f9-9fdc-478c-b0f9-464221e58316"
      },
      "inputs": {
        "parallel": false,
        "continueOnError": false,
        "workItemType": "35102",
        "assignToRequestor": true,
        "additionalFields": "{}",
        "multipliers": null
      }
    },
    {
      "enabled": false,
      "definition": {
        "id": "57578776-4c22-4526-aeb0-86b6da17ee9c"
      },
      "inputs": {
        "parallel": false,
        "continueOnError": false,
        "workItemType": null,
        "assignToRequestor": false,
        "additionalFields": "{}",
        "multipliers": null
      }
    }
  ],
  "variables": {
    "system.debug": {
      "value": "false",
      "allowOverride": true
    },
    "BuildConfiguration": {
      "value": "release",
      "allowOverride": true
    },
    "BuildPlatform": {
      "value": "any cpu",
      "allowOverride": true
    }
  },
  "retentionRules": [
    {
      "branches": [
        "+refs/heads/*"
      ],
      "artifacts": [],
      "artifactTypesToDelete": [
        "FilePath",
        "SymbolStore"
      ],
      "daysToKeep": 10,
      "minimumToKeep": 1,
      "deleteBuildRecord": true,
      "deleteTestResults": true
    }
  ],
  "buildNumberFormat": "$(date:yyyyMMdd)$(rev:.r)",
  "jobAuthorizationScope": "projectCollection",
  "jobTimeoutInMinutes": 60,
  "repository": {
    "properties": {
      "labelSources": "0",
      "reportBuildStatus": "true"
    },
    "id": "$bikesharing360$",
    "type": "TfsGit",
    "name": "bikesharing360",
    "url": "",
    "defaultBranch": "refs/heads/master",
    "clean": "false",
    "checkoutSubmodules": false
  },
  "quality": "definition",
  "defaultBranch": null,
  "queue": {
    "pool": {
      "name": "Default"
    },
    "name": "Default"
  }
}