{
  "name": "PublicWeb",
  "build": [
    {
      "enabled": true,
      "continueOnError": false,
      "alwaysRun": false,
      "displayName": "NuGet restore BikeSharing360_Websites/PublicWeb/BikeSharing.Web.sln",
      "timeoutInMinutes": 0,
      "task": {
        "id": "333b11bd-d341-40d9-afcf-b32d5ce6f23b",
        "versionSpec": "0.*",
        "definitionType": "task"
      },
      "inputs": {
         "solution": "BikeSharing360_Websites/PublicWeb/BikeSharing.Web.sln",
        "nugetConfigPath": "",
        "restoreMode": "restore",
        "noCache": "false",
        "nuGetRestoreArgs": "",
        "verbosity": "-",
        "nuGetVersion": "3.3.0",
        "nuGetPath": ""
      }
    },
    {
      "enabled": true,
      "continueOnError": false,
      "alwaysRun": false,
      "displayName": "npm install",
      "timeoutInMinutes": 0,
      "task": {
        "id": "fe47e961-9fa8-4106-8639-368c022d43ad",
        "versionSpec": "0.*",
        "definitionType": "task"
      },
      "inputs": {
       "cwd": "BikeSharing360_Websites/PublicWeb/src/BikeSharing.Web",
        "command": "install",
        "arguments": ""
      }
    },
    {
      "enabled": true,
      "continueOnError": false,
      "alwaysRun": false,
      "displayName": "gulp build",
      "timeoutInMinutes": 0,
      "task": {
        "id": "b82cfbe4-34f9-40f5-889e-c8842ca9dd9d",
        "versionSpec": "0.*",
        "definitionType": "task"
      },
      "inputs": {
         "gulpFile": "BikeSharing360_Websites/PublicWeb/src/BikeSharing.Web/gulpfile.js",
        "targets": "build",
        "arguments": "",
        "cwd": "BikeSharing360_Websites/PublicWeb/src/BikeSharing.Web",
        "gulpjs": "node_modules/gulp/bin/gulp.js",
        "publishJUnitResults": "false",
        "testResultsFiles": "**/TEST-*.xml",
        "testRunTitle": "",
        "enableCodeCoverage": "false",
        "testFramework": "Mocha",
        "srcFiles": "",
        "testFiles": "test/*.js"
      }
    },
    {
      "enabled": true,
      "continueOnError": false,
      "alwaysRun": false,
      "displayName": "Build solution BikeSharing360_Websites/PublicWeb/BikeSharing.Web.sln",
      "timeoutInMinutes": 0,
      "task": {
        "id": "71a9a2d3-a98a-4caa-96ab-affca411ecda",
        "versionSpec": "1.*",
        "definitionType": "task"
      },
      "inputs": {
       "solution": "BikeSharing360_Websites/PublicWeb/BikeSharing.Web.sln",
        "msbuildArgs": "/p:DeployOnBuild=true /p:WebPublishMethod=Package /p:PackageAsSingleFile=true /p:SkipInvalidConfigurations=true /p:PackageLocation=$(build.stagingDirectory)",
        "platform": "$(BuildPlatform)",
        "configuration": "$(BuildConfiguration)",
        "clean": "false",
        "vsVersion": "14.0",
        "maximumCpuCount": "false",
        "restoreNugetPackages": "false",
        "msbuildArchitecture": "x86",
        "logProjectEvents": "true",
        "createLogFile": "false"
      }
    },
    {
      "enabled": true,
      "continueOnError": true,
      "alwaysRun": false,
      "displayName": "Publish symbols path: ",
      "timeoutInMinutes": 0,
      "task": {
        "id": "0675668a-7bba-4ccb-901d-5ad6554ca653",
        "versionSpec": "1.*",
        "definitionType": "task"
      },
      "inputs": {
       "SymbolsPath": "",
        "SearchPattern": "**\\bin\\**\\*.pdb",
        "SymbolsFolder": "",
        "SkipIndexing": "false",
        "TreatNotIndexedAsWarning": "false",
        "SymbolsMaximumWaitTime": "",
        "SymbolsProduct": "",
        "SymbolsVersion": "",
        "SymbolsArtifactName": "Symbols_$(BuildConfiguration)"
      }
    },
    {
      "enabled": true,
      "continueOnError": false,
      "alwaysRun": true,
      "displayName": "Copy Files to: $(build.artifactstagingdirectory)",
      "timeoutInMinutes": 0,
      "task": {
        "id": "5bfb729a-a7c8-4a78-a7c3-8d717bb7c13c",
        "versionSpec": "1.*",
        "definitionType": "task"
      },
      "inputs": {
       "SourceFolder": "$(build.sourcesdirectory)",
        "Contents": "**\\bin\\$(BuildConfiguration)\\**",
        "TargetFolder": "$(build.artifactstagingdirectory)",
        "CleanTargetFolder": "false",
        "OverWrite": "false",
        "flattenFolders": "false"
      }
    },
    {
      "enabled": true,
      "continueOnError": false,
      "alwaysRun": false,
      "displayName": "Archive files ",
      "timeoutInMinutes": 0,
      "task": {
        "id": "d8b84976-e99a-4b86-b885-4849694435b0",
        "versionSpec": "1.*",
        "definitionType": "task"
      },
      "inputs": {
        "rootFolder": "$(Build.BinariesDirectory)",
        "includeRootFolder": "true",
        "archiveType": "default",
        "tarCompression": "gz",
        "archiveFile": "$(Build.ArtifactStagingDirectory)/$(Build.BuildId).zip",
        "replaceExistingArchive": "true"
      }
    },
    {
      "enabled": true,
      "continueOnError": false,
      "alwaysRun": true,
      "displayName": "Publish Artifact: drop",
      "timeoutInMinutes": 0,
      "task": {
        "id": "2ff763a7-ce83-4e1f-bc89-0ae63477cebe",
        "versionSpec": "1.*",
        "definitionType": "task"
      },
      "inputs": {
        "PathtoPublish": "$(build.artifactstagingdirectory)",
        "ArtifactName": "drop",
        "ArtifactType": "Container",
        "TargetPath": "\\\\my\\share\\$(Build.DefinitionName)\\$(Build.BuildNumber)"
      }
    }
  ],
  "options": [
    {
      "enabled": false,
      "definition": {
        "id": "7c555368-ca64-4199-add6-9ebaf0b0137d"
      },
      "inputs": {
        "parallel": false,
        "continueOnError": true,
        "workItemType": null,
        "assignToRequestor": false,
        "additionalFields": "{}",
        "multipliers": "[]"
      }
    },
    {
      "enabled": false,
      "definition": {
        "id": "a9db38f9-9fdc-478c-b0f9-464221e58316"
      },
      "inputs": {
        "parallel": false,
        "continueOnError": false,
        "workItemType": "35102",
        "assignToRequestor": true,
        "additionalFields": "{}",
        "multipliers": null
      }
    },
    {
      "enabled": false,
      "definition": {
        "id": "57578776-4c22-4526-aeb0-86b6da17ee9c"
      },
      "inputs": {
        "parallel": false,
        "continueOnError": false,
        "workItemType": null,
        "assignToRequestor": false,
        "additionalFields": "{}",
        "multipliers": null
      }
    }
  ],
  "triggers": [
  {
"branchFilters": [
  "+refs/heads/master"
],
"pathFilters": [
  "+BikeSharing360_Websites"
],
"batchChanges": true,
"maxConcurrentBuildsPerBranch": 1,
"triggerType": "continuousIntegration"
}
],
  "variables": {
    "system.debug": {
      "value": "false",
      "allowOverride": true
    },
    "BuildConfiguration": {
      "value": "release",
      "allowOverride": true
    },
    "BuildPlatform": {
      "value": "any cpu",
      "allowOverride": true
    }
  },
  "retentionRules": [
    {
      "branches": [
        "+refs/heads/*"
      ],
      "artifacts": [],
      "artifactTypesToDelete": [
        "FilePath",
        "SymbolStore"
      ],
      "daysToKeep": 10,
      "minimumToKeep": 1,
      "deleteBuildRecord": true,
      "deleteTestResults": true
    }
  ],
  "buildNumberFormat": "$(date:yyyyMMdd)$(rev:.r)",
  "jobAuthorizationScope": "projectCollection",
  "jobTimeoutInMinutes": 60,
  "repository": {
    "properties": {
      "labelSources": "0",
      "reportBuildStatus": "true"
    },
    "id": "$bikesharing360$",
    "type": "TfsGit",
    "name": "bikesharing360",
    "url": "",
    "defaultBranch": "refs/heads/master",
    "clean": "false",
    "checkoutSubmodules": false
  },
  "quality": "definition",
  "defaultBranch": null,
  "queue": {
    "pool": {
      "name": "Default"
    },
    "name": "Default"
  }
}