{
  "name": "RidesApi",
  "build": [
    {
      "enabled": true,
      "continueOnError": false,
      "alwaysRun": false,
      "displayName": "npm install",
      "timeoutInMinutes": 0,
      "task": {
        "id": "fe47e961-9fa8-4106-8639-368c022d43ad",
        "versionSpec": "0.*",
        "definitionType": "task"
      },
      "inputs": {
         "cwd": "BikeSharing360_BackendServices/src/BikeSharing.Services.Rides",
        "command": "install",
        "arguments": ""
      }
    },
    {
      "enabled": true,
      "continueOnError": false,
      "alwaysRun": false,
      "displayName": "NuGet restore",
      "timeoutInMinutes": 0,
      "task": {
        "id": "333b11bd-d341-40d9-afcf-b32d5ce6f23b",
        "versionSpec": "0.*",
        "definitionType": "task"
      },
      "inputs": {
        "solution": "BikeSharing360_BackendServices/BikeSharing.Services.Rides.API.sln",
        "nugetConfigPath": "",
        "restoreMode": "restore",
        "noCache": "false",
        "nuGetRestoreArgs": "",
        "verbosity": "-",
        "nuGetVersion": "3.3.0",
        "nuGetPath": ""
      }
    },
    {
      "enabled": true,
      "continueOnError": false,
      "alwaysRun": false,
      "displayName": "Build solution",
      "timeoutInMinutes": 0,
      "task": {
        "id": "71a9a2d3-a98a-4caa-96ab-affca411ecda",
        "versionSpec": "1.*",
        "definitionType": "task"
      },
      "inputs": {
        "solution": "BikeSharing360_BackendServices/BikeSharing.Services.Rides.API.sln",
        "msbuildArgs": "",
        "platform": "$(BuildPlatform)",
        "configuration": "$(BuildConfiguration)",
        "clean": "false",
        "vsVersion": "14.0",
        "maximumCpuCount": "false",
        "restoreNugetPackages": "false",
        "msbuildArchitecture": "x86",
        "logProjectEvents": "true",
        "createLogFile": "false"
      }
    },
    {
      "enabled": true,
      "continueOnError": false,
      "alwaysRun": false,
      "displayName": "Test Assemblies",
      "timeoutInMinutes": 0,
      "task": {
        "id": "ef087383-ee5e-42c7-9a53-ab56c98420f9",
        "versionSpec": "1.*",
        "definitionType": "task"
      },
      "inputs": {
       "testAssembly": "BikeSharing360_BackendServices/src/BikeSharing.Services.Rides/*.njsproj",
        "testFiltercriteria": "",
        "runSettingsFile": "",
        "overrideTestrunParameters": "",
        "codeCoverageEnabled": "false",
        "runInParallel": "false",
        "vstestLocationMethod": "version",
        "vsTestVersion": "14.0",
        "vstestLocation": "",
        "pathtoCustomTestAdapters": "$(Build.SourcesDirectory)\\BikeSharing360_BackendServices\\src\\BikeSharing.Services.Rides\\bin\\ntvs",
        "otherConsoleOptions": "",
        "testRunTitle": "",
        "platform": "",
        "configuration": "",
        "publishRunAttachments": "true"
      }
    },
    {
      "enabled": true,
      "continueOnError": false,
      "alwaysRun": false,
      "displayName": "Archive files ",
      "timeoutInMinutes": 0,
      "task": {
        "id": "d8b84976-e99a-4b86-b885-4849694435b0",
        "versionSpec": "1.*",
        "definitionType": "task"
      },
      "inputs": {
         "rootFolder": "BikeSharing360_BackendServices/src/BikeSharing.Services.Rides",
        "includeRootFolder": "false",
        "archiveType": "default",
        "tarCompression": "gz",
        "archiveFile": "$(Build.ArtifactStagingDirectory)/$(Build.BuildId).zip",
        "replaceExistingArchive": "true"
      }
    },
    {
      "enabled": true,
      "continueOnError": false,
      "alwaysRun": false,
      "displayName": "Publish Artifact: drop",
      "timeoutInMinutes": 0,
      "task": {
        "id": "2ff763a7-ce83-4e1f-bc89-0ae63477cebe",
        "versionSpec": "1.*",
        "definitionType": "task"
      },
      "inputs": {
         "PathtoPublish": "$(Build.ArtifactStagingDirectory)/$(Build.BuildId).zip",
        "ArtifactName": "drop",
        "ArtifactType": "Container",
        "TargetPath": "\\\\my\\share\\$(Build.DefinitionName)\\$(Build.BuildNumber)"
      }
    },
    {
      "enabled": true,
      "continueOnError": false,
      "alwaysRun": false,
      "displayName": "Copy Publish Artifact: DACPAC",
      "timeoutInMinutes": 0,
      "task": {
        "id": "1d341bb0-2106-458c-8422-d00bcea6512a",
        "versionSpec": "1.*",
        "definitionType": "task"
      },
      "inputs": {
       "CopyRoot": "$(Agent.BuildDirectory)",
        "Contents": "**\\*.dacpac",
        "ArtifactName": "DACPAC",
        "ArtifactType": "Container",
        "TargetPath": "\\\\my\\share\\$(Build.DefinitionName)\\$(Build.BuildNumber)"
      }
    }
  ],
  "options": [
    {
      "enabled": false,
      "definition": {
        "id": "7c555368-ca64-4199-add6-9ebaf0b0137d"
      },
      "inputs": {
        "parallel": false,
        "continueOnError": true,
        "workItemType": null,
        "assignToRequestor": false,
        "additionalFields": "{}",
        "multipliers": "[]"
      }
    },
    {
      "enabled": false,
      "definition": {
        "id": "a9db38f9-9fdc-478c-b0f9-464221e58316"
      },
      "inputs": {
        "parallel": false,
        "continueOnError": false,
        "workItemType": "35102",
        "assignToRequestor": true,
        "additionalFields": "{}",
        "multipliers": null
      }
    },
    {
      "enabled": false,
      "definition": {
        "id": "57578776-4c22-4526-aeb0-86b6da17ee9c"
      },
      "inputs": {
        "parallel": false,
        "continueOnError": false,
        "workItemType": null,
        "assignToRequestor": false,
        "additionalFields": "{}",
        "multipliers": null
      }
    }
  ],
  "triggers": [
  {
"branchFilters": [
  "+refs/heads/master"
],
"pathFilters": [
  "+BikeSharing360_BackendServices"
],
"batchChanges": true,
"maxConcurrentBuildsPerBranch": 1,
"triggerType": "continuousIntegration"
}
],
  "variables": {
    "system.debug": {
      "value": "false",
      "allowOverride": true
    },
    "BuildConfiguration": {
      "value": "release",
      "allowOverride": true
    },
    "BuildPlatform": {
      "value": "any cpu",
      "allowOverride": true
    }
  },
  "retentionRules": [
    {
      "branches": [
        "+refs/heads/*"
      ],
      "artifacts": [],
      "artifactTypesToDelete": [
        "FilePath",
        "SymbolStore"
      ],
      "daysToKeep": 10,
      "minimumToKeep": 1,
      "deleteBuildRecord": true,
      "deleteTestResults": true
    }
  ],
  "buildNumberFormat": "$(date:yyyyMMdd)$(rev:.r)",
  "jobAuthorizationScope": "projectCollection",
  "jobTimeoutInMinutes": 60,
  "repository": {
    "properties": {
      "labelSources": "0",
      "reportBuildStatus": "true"
    },
    "id": "$bikesharing360$",
    "type": "TfsGit",
    "name": "bikesharing360",
    "url": "",
    "defaultBranch": "refs/heads/master",
    "clean": "false",
    "checkoutSubmodules": false
  },
  "quality": "definition",
  "defaultBranch": null,
  "queue": {
    "pool": {
      "name": "Default"
    },
    "name": "Default"
  }
}