{
  "name": "Xamarin.UWP",
  "build": [
    {
      "enabled": true,
      "continueOnError": false,
      "alwaysRun": false,
      "displayName": "NuGet restore BikeSharing360_MobileApps/BikeSharing.Xamarin.sln",
      "timeoutInMinutes": 0,
      "task": {
        "id": "333b11bd-d341-40d9-afcf-b32d5ce6f23b",
        "versionSpec": "0.*",
        "definitionType": "task"
      },
      "inputs": {
       "solution": "BikeSharing360_MobileApps/BikeSharing.Xamarin.sln",
        "nugetConfigPath": "",
        "restoreMode": "restore",
        "noCache": "false",
        "nuGetRestoreArgs": "",
        "verbosity": "-",
        "nuGetVersion": "3.3.0",
        "nuGetPath": ""
      }
    },
    {
      "enabled": false,
      "continueOnError": false,
      "alwaysRun": false,
      "displayName": "Run curl.exe",
      "timeoutInMinutes": 0,
      "task": {
        "id": "d9bafed4-0b18-4f58-968d-86655b4d2ce9",
        "versionSpec": "1.*",
        "definitionType": "task"
      },
      "inputs": {
        "filename": "curl.exe",
        "arguments": "-k \"$(pfx.url)\" --output $(Build.SourcesDirectory)\\BikeSharing360_MobileApps\\src\\BikeSharing.Clients.Windows\\$(pfx.name)",
        "workingFolder": "",
        "failOnStandardError": "false"
      }
    },
    {
      "enabled": true,
      "continueOnError": false,
      "alwaysRun": false,
      "displayName": "Run c:\\curl\\curl.exe",
      "timeoutInMinutes": 0,
      "task": {
        "id": "d9bafed4-0b18-4f58-968d-86655b4d2ce9",
        "versionSpec": "1.*",
        "definitionType": "task"
      },
      "inputs": {
        "filename": "c:\\curl\\curl.exe",
        "arguments": "-k \"$(pfx.url)\" --output $(Build.SourcesDirectory)\\BikeSharing360_MobileApps\\src\\BikeSharing.Clients.Windows\\$(pfx.name)",
        "workingFolder": "",
        "failOnStandardError": "false"
      }
    },
    {
      "enabled": true,
      "continueOnError": false,
      "alwaysRun": false,
      "displayName": "Build solution BikeSharing360_MobileApps/BikeSharing.Xamarin-UWP.sln",
      "timeoutInMinutes": 0,
      "task": {
        "id": "71a9a2d3-a98a-4caa-96ab-affca411ecda",
        "versionSpec": "1.*",
        "definitionType": "task"
      },
      "inputs": {
            "solution": "BikeSharing360_MobileApps/BikeSharing.Xamarin-UWP.sln",
        "msbuildArgs": "/p:AppxBundlePlatforms=\"$(BuildPlatform)\" /p:AppxPackageDir=\"$(Build.BinariesDirectory)\\$(Build.BuildId)\\AppxPackages\\\\\" /p:AppxBundle=Always",
        "platform": "$(BuildPlatform)",
        "configuration": "$(BuildConfiguration)",
        "clean": "false",
        "vsVersion": "14.0",
        "maximumCpuCount": "false",
        "restoreNugetPackages": "false",
        "msbuildArchitecture": "x86",
        "logProjectEvents": "true",
        "createLogFile": "false"
      
      }
    },
    {
      "enabled": true,
      "continueOnError": false,
      "alwaysRun": false,
      "displayName": "Publish symbols path: ",
      "timeoutInMinutes": 0,
      "task": {
        "id": "0675668a-7bba-4ccb-901d-5ad6554ca653",
        "versionSpec": "1.*",
        "definitionType": "task"
      },
      "inputs": {
       "SymbolsPath": "",
        "SearchPattern": "**/bin/**/*.pdb",
        "SymbolsFolder": "",
        "SkipIndexing": "false",
        "TreatNotIndexedAsWarning": "false",
        "SymbolsMaximumWaitTime": "",
        "SymbolsProduct": "",
        "SymbolsVersion": "",
        "SymbolsArtifactName": "Symbols_$(BuildConfiguration)"
      }
    },
    {
      "enabled": true,
      "continueOnError": false,
      "alwaysRun": false,
      "displayName": "Copy Publish Artifact: drop",
      "timeoutInMinutes": 0,
      "task": {
        "id": "1d341bb0-2106-458c-8422-d00bcea6512a",
        "versionSpec": "1.*",
        "definitionType": "task"
      },
      "inputs": {
        "CopyRoot": "$(Build.BinariesDirectory)/$(Build.BuildId)",
        "Contents": "**\\*arm*.appxBundle",
        "ArtifactName": "drop",
        "ArtifactType": "Container",
        "TargetPath": "\\\\my\\share\\$(Build.DefinitionName)\\$(Build.BuildNumber)"  }
    }
  ],
  "options": [
    {
      "enabled": false,
      "definition": {
        "id": "7c555368-ca64-4199-add6-9ebaf0b0137d"
      },
      "inputs": {
        "parallel": false,
        "continueOnError": true,
        "workItemType": null,
        "assignToRequestor": false,
        "additionalFields": "{}",
        "multipliers": "[]"
      }
    },
    {
      "enabled": false,
      "definition": {
        "id": "a9db38f9-9fdc-478c-b0f9-464221e58316"
      },
      "inputs": {
        "parallel": false,
        "continueOnError": false,
        "workItemType": "35102",
        "assignToRequestor": true,
        "additionalFields": "{}",
        "multipliers": null
      }
    },
    {
      "enabled": false,
      "definition": {
        "id": "57578776-4c22-4526-aeb0-86b6da17ee9c"
      },
      "inputs": {
        "parallel": false,
        "continueOnError": false,
        "workItemType": null,
        "assignToRequestor": false,
        "additionalFields": "{}",
        "multipliers": null
      }
    }
  ],
  "triggers": [
  {
"branchFilters": [
  "+refs/heads/master"
],
"pathFilters": [
  "+BikeSharing360_MobileApps"
],
"batchChanges": true,
"maxConcurrentBuildsPerBranch": 1,
"triggerType": "continuousIntegration"
}
],
  "variables": {
    "system.debug": {
      "value": "true",
      "allowOverride": true
    },
    "BuildConfiguration": {
      "value": "release",
      "allowOverride": true
    },
    "BuildPlatform": {
      "value": "ARM",
      "allowOverride": true
    },
    "pfx.url": {
"value": "https://mybikesbuild579.blob.core.windows.net/buildfiles/BikeSharing.Clients.Windows_TemporaryKey.pfx"
},
"pfx.name": {
"value": "BikeSharing.Clients.Windows_TemporaryKey.pfx"
}
  },
  "retentionRules": [
    {
      "branches": [
        "+refs/heads/*"
      ],
      "artifacts": [],
      "artifactTypesToDelete": [
        "FilePath",
        "SymbolStore"
      ],
      "daysToKeep": 10,
      "minimumToKeep": 1,
      "deleteBuildRecord": true,
      "deleteTestResults": true
    }
  ],
  "buildNumberFormat": "$(date:yyyyMMdd)$(rev:.r)",
  "jobAuthorizationScope": "projectCollection",
  "jobTimeoutInMinutes": 60,
  "repository": {
    "properties": {
      "labelSources": "0",
      "reportBuildStatus": "true"
    },
    "id": "$bikesharing360$",
    "type": "TfsGit",
    "name": "bikesharing360",
    "url": "",
    "defaultBranch": "refs/heads/master",
    "clean": "false",
    "checkoutSubmodules": false
  },
  "quality": "definition",
  "defaultBranch": null,
  "queue": {
    "pool": {
      "name": "Default"
    },
    "name": "Default"
  }
}