{  
   "name":"Xamarin.Droid",
   "build":[  
      {  
         "enabled":true,
         "continueOnError":false,
         "alwaysRun":false,
         "displayName":"NuGet restore",
         "timeoutInMinutes":0,
         "task":{  
            "id":"333b11bd-d341-40d9-afcf-b32d5ce6f23b",
            "versionSpec":"0.*",
            "definitionType":"task"
         },
         "inputs":{  
            "command":null,
            "arguments":null,
            "cwd":null,
            "sourcePath":null,
            "filePattern":null,
            "tokenRegex":null,
            "secretTokens":null,
            "gulpFile":null,
            "targets":null,
            "gulpjs":null,
            "publishJUnitResults":null,
            "testResultsFiles":null,
            "testRunTitle":null,
            "enableCodeCoverage":null,
            "testFramework":null,
            "srcFiles":null,
            "testFiles":null,
            "platform":null,
            "configuration":null,
            "archs":null,
            "cordovaVersion":null,
            "antBuild":null,
            "keystoreFile":null,
            "keystorePass":null,
            "keystoreAlias":null,
            "keyPass":null,
            "iosSignMethod":null,
            "iosSigningIdentity":null,
            "p12":null,
            "p12pwd":null,
            "unlockDefaultKeychain":null,
            "defaultKeychainPassword":null,
            "provProfileUuid":null,
            "provProfile":null,
            "removeProfile":null,
            "xcodeDeveloperDir":null,
            "windowsAppx":null,
            "windowsPhoneOnly":null,
            "windowsOnly":null,
            "cordovaArgs":null,
            "outputPattern":null,
            "targetEmulator":null,
            "testRunner":null,
            "mergeTestResults":null,
            "publishRunAttachments":null,
            "connectedServiceName":null,
            "appID":null,
            "binaryPath":null,
            "symbolsPath":null,
            "nativeLibraryPath":null,
            "notesPath":null,
            "notes":null,
            "publish":null,
            "mandatory":null,
            "notify":null,
            "tags":null,
            "teams":null,
            "users":null,
            "PathtoPublish":null,
            "ArtifactName":null,
            "ArtifactType":null,
            "TargetPath":null,
            "solution":"BikeSharing360_MobileApps/BikeSharing.Xamarin.sln",
            "nugetConfigPath":"",
            "restoreMode":"restore",
            "noCache":"false",
            "nuGetRestoreArgs":"",
            "verbosity":"-",
            "nuGetVersion":"3.3.0",
            "nuGetPath":"",
            "msbuildArgs":null,
            "clean":null,
            "restoreNugetPackages":null,
            "vsLocationMethod":null,
            "vsVersion":null,
            "vsLocation":null,
            "msbuildLocationMethod":null,
            "msbuildVersion":null,
            "msbuildArchitecture":null,
            "msbuildLocation":null,
            "logProjectEvents":null,
            "testAssembly":null,
            "testFiltercriteria":null,
            "runSettingsFile":null,
            "codeCoverageEnabled":null,
            "otherConsoleOptions":null,
            "vsTestVersion":null,
            "pathtoCustomTestAdapters":null,
            "CopyRoot":null,
            "Contents":null
         }
      },
      {  
         "enabled":true,
         "continueOnError":false,
         "alwaysRun":false,
         "displayName":"Build Xamarin.Android Project",
         "timeoutInMinutes":0,
         "task":{  
            "id":"27edd013-36fd-43aa-96a3-7d73e1e35285",
            "versionSpec":"1.*",
            "definitionType":"task"
         },
         "inputs":{  
            "command":null,
            "arguments":null,
            "cwd":null,
            "sourcePath":null,
            "filePattern":null,
            "tokenRegex":null,
            "secretTokens":null,
            "gulpFile":null,
            "targets":null,
            "gulpjs":null,
            "publishJUnitResults":null,
            "testResultsFiles":null,
            "testRunTitle":null,
            "enableCodeCoverage":null,
            "testFramework":null,
            "srcFiles":null,
            "testFiles":null,
            "platform":null,
            "project":"**/*Droid*.csproj",
            "target":"",
            "outputDir":"$(build.binariesdirectory)/$(BuildConfiguration)",
            "configuration":"$(BuildConfiguration)",
            "createAppPackage":"true",
            "clean":"false",
            "msbuildLocationMethod":"version",
            "msbuildVersion":"latest",
            "msbuildLocation":"",
            "msbuildArchitecture":"x86",
            "msbuildArguments":"",
            "jdkSelection":"JDKVersion",
            "jdkVersion":"1.8",
            "jdkUserInputPath":"",
            "jdkArchitecture":"x86",
            "archs":null,
            "cordovaVersion":null,
            "antBuild":null,
            "keystoreFile":null,
            "keystorePass":null,
            "keystoreAlias":null,
            "keyPass":null,
            "iosSignMethod":null,
            "iosSigningIdentity":null,
            "p12":null,
            "p12pwd":null,
            "unlockDefaultKeychain":null,
            "defaultKeychainPassword":null,
            "provProfileUuid":null,
            "provProfile":null,
            "removeProfile":null,
            "xcodeDeveloperDir":null,
            "windowsAppx":null,
            "windowsPhoneOnly":null,
            "windowsOnly":null,
            "cordovaArgs":null,
            "outputPattern":null,
            "targetEmulator":null,
            "testRunner":null,
            "mergeTestResults":null,
            "publishRunAttachments":null,
            "connectedServiceName":null,
            "appID":null,
            "binaryPath":null,
            "symbolsPath":null,
            "nativeLibraryPath":null,
            "notesPath":null,
            "notes":null,
            "publish":null,
            "mandatory":null,
            "notify":null,
            "tags":null,
            "teams":null,
            "users":null,
            "PathtoPublish":null,
            "ArtifactName":null,
            "ArtifactType":null,
            "TargetPath":null,
            "solution":null,
            "msbuildArgs":null,
            "clean":"false",
            "restoreNugetPackages":null,
            "vsLocationMethod":null,
            "vsVersion":null,
            "vsLocation":null,
            "msbuildVersion":"latest",
            "msbuildLocation":"",
            "logProjectEvents":null,
            "testAssembly":null,
            "testFiltercriteria":null,
            "runSettingsFile":null,
            "codeCoverageEnabled":null,
            "otherConsoleOptions":null,
            "vsTestVersion":null,
            "pathtoCustomTestAdapters":null,
            "CopyRoot":null,
            "Contents":null
         }
      },
      {  
         "enabled":true,
         "continueOnError":false,
         "alwaysRun":false,
         "displayName":"Build solution BikeSharing360_MobileApps/BikeSharing.Xamarin.UITests/*test*.csproj",
         "timeoutInMinutes":0,
         "task":{  
            "id":"c6c4c611-aa2e-4a33-b606-5eaba2196824",
            "versionSpec":"1.*",
            "definitionType":"task"
         },
         "inputs":{  
            "command":null,
            "arguments":null,
            "cwd":null,
            "sourcePath":null,
            "filePattern":null,
            "tokenRegex":null,
            "secretTokens":null,
            "gulpFile":null,
            "targets":null,
            "gulpjs":null,
            "publishJUnitResults":null,
            "testResultsFiles":null,
            "testRunTitle":null,
            "enableCodeCoverage":null,
            "testFramework":null,
            "srcFiles":null,
            "testFiles":null,
            "platform":"",
            "solution":"BikeSharing360_MobileApps/BikeSharing.Xamarin.UITests/*test*.csproj",
          
            "configuration":"$(BuildConfiguration)",
            "msbuildArguments":"/p:OutputPath=\"$(build.binariesdirectory)/$(BuildConfiguration)/test-assembly\"",
            "clean":"false",
            "maximumCpuCount":"false",
            "restoreNugetPackages":"false",
            "logProjectEvents":"false",
            "createLogFile":"false",
            "msbuildLocationMethod":"version",
            "msbuildVersion":"15.0",
            "msbuildArchitecture":"x86",
            "msbuildLocation":"",
            "archs":null,
            "cordovaVersion":null,
            "antBuild":null,
            "keystoreFile":null,
            "keystorePass":null,
            "keystoreAlias":null,
            "keyPass":null,
            "iosSignMethod":null,
            "iosSigningIdentity":null,
            "p12":null,
            "p12pwd":null,
            "unlockDefaultKeychain":null,
            "defaultKeychainPassword":null,
            "provProfileUuid":null,
            "provProfile":null,
            "removeProfile":null,
            "xcodeDeveloperDir":null,
            "windowsAppx":null,
            "windowsPhoneOnly":null,
            "windowsOnly":null,
            "cordovaArgs":null,
            "outputPattern":null,
            "targetEmulator":null,
            "testRunner":null,
            "mergeTestResults":null,
            "publishRunAttachments":null,
            "connectedServiceName":null,
            "appID":null,
            "binaryPath":null,
            "symbolsPath":null,
            "nativeLibraryPath":null,
            "notesPath":null,
            "notes":null,
            "publish":null,
            "mandatory":null,
            "notify":null,
            "tags":null,
            "teams":null,
            "users":null,
            "PathtoPublish":null,
            "ArtifactName":null,
            "ArtifactType":null,
            "TargetPath":null,
            "msbuildArgs":null,
           
            "vsLocationMethod":null,
            "vsVersion":null,
            "vsLocation":null,
            "testAssembly":null,
            "testFiltercriteria":null,
            "runSettingsFile":null,
            "codeCoverageEnabled":null,
            "otherConsoleOptions":null,
            "vsTestVersion":null,
            "pathtoCustomTestAdapters":null,
            "CopyRoot":null,
            "Contents":null
         }
      },
      {  
         "enabled":true,
         "continueOnError":false,
         "alwaysRun":false,
         "displayName":"Test $(build.binariesdirectory)/$(BuildConfiguration)/com.bikesharing.app.apk with Xamarin.UITest in Xamarin Test Cloud",
         "timeoutInMinutes":0,
         "task":{  
            "id":"049918cb-1488-48eb-85e8-c318eccaaa74",
            "versionSpec":"1.*",
            "definitionType":"task"
         },
         "inputs":{  
            "command":null,
            "arguments":null,
            "cwd":null,
            "sourcePath":null,
            "filePattern":null,
            "tokenRegex":null,
            "secretTokens":null,
            "gulpFile":null,
            "targets":null,
            "gulpjs":null,
            "publishJUnitResults":null,
            "testResultsFiles":null,
            "testRunTitle":null,
            "enableCodeCoverage":null,
            "testFramework":null,
            "srcFiles":null,
            "testFiles":null,
            "platform":null,
            "configuration":null,
            "archs":null,
            "cordovaVersion":null,
            "antBuild":null,
            "keystoreFile":null,
            "keystorePass":null,
            "keystoreAlias":null,
            "keyPass":null,
            "iosSignMethod":null,
            "iosSigningIdentity":null,
            "p12":null,
            "p12pwd":null,
            "unlockDefaultKeychain":null,
            "defaultKeychainPassword":null,
            "provProfileUuid":null,
            "provProfile":null,
            "removeProfile":null,
            "xcodeDeveloperDir":null,
            "windowsAppx":null,
            "windowsPhoneOnly":null,
            "windowsOnly":null,
            "cordovaArgs":null,
            "outputPattern":null,
            "targetEmulator":null,
            "testRunner":null,
            "mergeTestResults":null,
            "publishRunAttachments":null,
            "connectedServiceName":null,
            "appID":null,
            "binaryPath":null,
            "symbolsPath":null,
            "nativeLibraryPath":null,
            "notesPath":null,
            "notes":null,
            "publish":null,
            "mandatory":null,
            "notify":null,
            "tags":null,
            "teams":null,
            "users":null,
            "PathtoPublish":null,
            "ArtifactName":null,
            "ArtifactType":null,
            "TargetPath":null,
            "solution":null,
            "msbuildArgs":null,
            "clean":null,
            "restoreNugetPackages":null,
            "vsLocationMethod":null,
            "vsVersion":null,
            "vsLocation":null,
            "msbuildLocationMethod":null,
            "msbuildVersion":null,
            "msbuildArchitecture":null,
            "msbuildLocation":null,
            "logProjectEvents":null,
            "testAssembly":null,
            "testFiltercriteria":null,
            "runSettingsFile":null,
            "codeCoverageEnabled":null,
            "otherConsoleOptions":null,
            "vsTestVersion":null,
            "pathtoCustomTestAdapters":null,
            "CopyRoot":null,
            "Contents":null,
            "app":"$(build.binariesdirectory)/$(BuildConfiguration)/com.bikesharing.app.apk",
            "dsym":"",
            "teamApiKey":"",
            "user":"",
            "devices":"",
            "series":"master",
            "testDir":"$(build.binariesdirectory)/$(BuildConfiguration)/test-assembly",
            "parallelization":"none",
            "locale":"en_US",
            "userDefinedLocale":"",
            "testCloudLocation":"**/packages/**/tools/test-cloud.exe",
            "optionalArgs":"",
            "publishNUnitResults":"true"
         }
      },
      {  
         "enabled":false,
         "continueOnError":false,
         "alwaysRun":false,
         "displayName":"Run c:\\curl\\curl.exe",
         "timeoutInMinutes":0,
         "task":{  
            "id":"d9bafed4-0b18-4f58-968d-86655b4d2ce9",
            "versionSpec":"1.*",
            "definitionType":"task"
         },
         "inputs":{  
            "command":null,
            "arguments":"-k \"$(keystore.url)\" --output $(Build.SourcesDirectory)\\$(keystore.name)",
            "cwd":null,
            "sourcePath":null,
            "filePattern":null,
            "tokenRegex":null,
            "secretTokens":null,
            "gulpFile":null,
            "targets":null,
            "gulpjs":null,
            "publishJUnitResults":null,
            "testResultsFiles":null,
            "testRunTitle":null,
            "enableCodeCoverage":null,
            "testFramework":null,
            "srcFiles":null,
            "testFiles":null,
            "platform":null,
            "configuration":null,
            "archs":null,
            "cordovaVersion":null,
            "antBuild":null,
            "keystoreFile":null,
            "keystorePass":null,
            "keystoreAlias":null,
            "keyPass":null,
            "iosSignMethod":null,
            "iosSigningIdentity":null,
            "p12":null,
            "p12pwd":null,
            "unlockDefaultKeychain":null,
            "defaultKeychainPassword":null,
            "provProfileUuid":null,
            "provProfile":null,
            "removeProfile":null,
            "xcodeDeveloperDir":null,
            "windowsAppx":null,
            "windowsPhoneOnly":null,
            "windowsOnly":null,
            "cordovaArgs":null,
            "outputPattern":null,
            "targetEmulator":null,
            "testRunner":null,
            "mergeTestResults":null,
            "publishRunAttachments":null,
            "connectedServiceName":null,
            "appID":null,
            "binaryPath":null,
            "symbolsPath":null,
            "nativeLibraryPath":null,
            "notesPath":null,
            "notes":null,
            "publish":null,
            "mandatory":null,
            "notify":null,
            "tags":null,
            "teams":null,
            "users":null,
            "PathtoPublish":null,
            "ArtifactName":null,
            "ArtifactType":null,
            "TargetPath":null,
            "solution":null,
            "msbuildArgs":null,
            "clean":null,
            "restoreNugetPackages":null,
            "vsLocationMethod":null,
            "vsVersion":null,
            "vsLocation":null,
            "msbuildLocationMethod":null,
            "msbuildVersion":null,
            "msbuildArchitecture":null,
            "msbuildLocation":null,
            "logProjectEvents":null,
            "testAssembly":null,
            "testFiltercriteria":null,
            "runSettingsFile":null,
            "codeCoverageEnabled":null,
            "otherConsoleOptions":null,
            "vsTestVersion":null,
            "pathtoCustomTestAdapters":null,
            "CopyRoot":null,
            "Contents":null
         }
      },
      {  
         "enabled":true,
         "continueOnError":false,
         "alwaysRun":false,
         "displayName":"Run curl.exe",
         "timeoutInMinutes":0,
         "task":{  
            "id":"d9bafed4-0b18-4f58-968d-86655b4d2ce9",
            "versionSpec":"1.*",
            "definitionType":"task"
         },
         "inputs":{  
            "command":null,
            "filename":"c:\\curl\\curl.exe",
            "arguments":"-k \"$(keystore.url)\" --output $(Build.SourcesDirectory)\\$(keystore.name)",
            "workingFolder":"",
            "failOnStandardError":"false",
            "cwd":null,
            "sourcePath":null,
            "filePattern":null,
            "tokenRegex":null,
            "secretTokens":null,
            "gulpFile":null,
            "targets":null,
            "gulpjs":null,
            "publishJUnitResults":null,
            "testResultsFiles":null,
            "testRunTitle":null,
            "enableCodeCoverage":null,
            "testFramework":null,
            "srcFiles":null,
            "testFiles":null,
            "platform":null,
            "configuration":null,
            "archs":null,
            "cordovaVersion":null,
            "antBuild":null,
            "keystoreFile":null,
            "keystorePass":null,
            "keystoreAlias":null,
            "keyPass":null,
            "iosSignMethod":null,
            "iosSigningIdentity":null,
            "p12":null,
            "p12pwd":null,
            "unlockDefaultKeychain":null,
            "defaultKeychainPassword":null,
            "provProfileUuid":null,
            "provProfile":null,
            "removeProfile":null,
            "xcodeDeveloperDir":null,
            "windowsAppx":null,
            "windowsPhoneOnly":null,
            "windowsOnly":null,
            "cordovaArgs":null,
            "outputPattern":null,
            "targetEmulator":null,
            "testRunner":null,
            "mergeTestResults":null,
            "publishRunAttachments":null,
            "connectedServiceName":null,
            "appID":null,
            "binaryPath":null,
            "symbolsPath":null,
            "nativeLibraryPath":null,
            "notesPath":null,
            "notes":null,
            "publish":null,
            "mandatory":null,
            "notify":null,
            "tags":null,
            "teams":null,
            "users":null,
            "PathtoPublish":null,
            "ArtifactName":null,
            "ArtifactType":null,
            "TargetPath":null,
            "solution":null,
            "msbuildArgs":null,
            "clean":null,
            "restoreNugetPackages":null,
            "vsLocationMethod":null,
            "vsVersion":null,
            "vsLocation":null,
            "msbuildLocationMethod":null,
            "msbuildVersion":null,
            "msbuildArchitecture":null,
            "msbuildLocation":null,
            "logProjectEvents":null,
            "testAssembly":null,
            "testFiltercriteria":null,
            "runSettingsFile":null,
            "codeCoverageEnabled":null,
            "otherConsoleOptions":null,
            "vsTestVersion":null,
            "pathtoCustomTestAdapters":null,
            "CopyRoot":null,
            "Contents":null
         }
      },
      {  
         "enabled":true,
         "continueOnError":false,
         "alwaysRun":false,
         "displayName":"Signing and aligning APK file(s) $(build.binariesdirectory)/$(BuildConfiguration)/*.apk",
         "timeoutInMinutes":0,
         "task":{  
            "id":"80f3f6a0-82a6-4a22-ba7a-e5b8c541b9b9",
            "versionSpec":"1.*",
            "definitionType":"task"
         },
         "inputs":{  
            "command":null,
            "arguments":null,
            "cwd":null,
            "sourcePath":null,
            "filePattern":null,
            "tokenRegex":null,
            "secretTokens":null,
            "gulpFile":null,
            "targets":null,
            "gulpjs":null,
            "publishJUnitResults":null,
            "testResultsFiles":null,
            "testRunTitle":null,
            "enableCodeCoverage":null,
            "testFramework":null,
            "srcFiles":null,
            "testFiles":null,
            "platform":null,
            "configuration":null,
            "archs":null,
            "cordovaVersion":null,
            "antBuild":null,
            "files":"$(build.binariesdirectory)/$(BuildConfiguration)/*.apk",
            "jarsign":"true",
            "keystoreFile":"$(Build.SourcesDirectory)\\$(keystore.name)",
            "keystorePass":"$(keystore.pwd)",
            "keystoreAlias":"$(keystore.alias)",
            "keyPass":"$(keystore.pwd)",
            "jarsignerArguments":"-verbose",
            "zipalign":"true",
            "zipalignLocation":"",
            "iosSignMethod":null,
            "iosSigningIdentity":null,
            "p12":null,
            "p12pwd":null,
            "unlockDefaultKeychain":null,
            "defaultKeychainPassword":null,
            "provProfileUuid":null,
            "provProfile":null,
            "removeProfile":null,
            "xcodeDeveloperDir":null,
            "windowsAppx":null,
            "windowsPhoneOnly":null,
            "windowsOnly":null,
            "cordovaArgs":null,
            "outputPattern":null,
            "targetEmulator":null,
            "testRunner":null,
            "mergeTestResults":null,
            "publishRunAttachments":null,
            "connectedServiceName":null,
            "appID":null,
            "binaryPath":null,
            "symbolsPath":null,
            "nativeLibraryPath":null,
            "notesPath":null,
            "notes":null,
            "publish":null,
            "mandatory":null,
            "notify":null,
            "tags":null,
            "teams":null,
            "users":null,
            "PathtoPublish":null,
            "ArtifactName":null,
            "ArtifactType":null,
            "TargetPath":null,
            "solution":null,
            "msbuildArgs":null,
            "clean":null,
            "restoreNugetPackages":null,
            "vsLocationMethod":null,
            "vsVersion":null,
            "vsLocation":null,
            "msbuildLocationMethod":null,
            "msbuildVersion":null,
            "msbuildArchitecture":null,
            "msbuildLocation":null,
            "logProjectEvents":null,
            "testAssembly":null,
            "testFiltercriteria":null,
            "runSettingsFile":null,
            "codeCoverageEnabled":null,
            "otherConsoleOptions":null,
            "vsTestVersion":null,
            "pathtoCustomTestAdapters":null,
            "CopyRoot":null,
            "Contents":null
         }
      },
      {  
         "enabled":true,
         "continueOnError":false,
         "alwaysRun":true,
         "displayName":"Publish Artifact: drop",
         "timeoutInMinutes":0,
         "task":{  
            "id":"2ff763a7-ce83-4e1f-bc89-0ae63477cebe",
            "versionSpec":"1.*",
            "definitionType":"task"
         },
         "inputs":{  
            "command":null,
            "arguments":null,
            "cwd":null,
            "sourcePath":null,
            "filePattern":null,
            "tokenRegex":null,
            "secretTokens":null,
            "gulpFile":null,
            "targets":null,
            "gulpjs":null,
            "publishJUnitResults":null,
            "testResultsFiles":null,
            "testRunTitle":null,
            "enableCodeCoverage":null,
            "testFramework":null,
            "srcFiles":null,
            "testFiles":null,
            "platform":null,
            "configuration":null,
            "archs":null,
            "cordovaVersion":null,
            "antBuild":null,
            "keystoreFile":null,
            "keystorePass":null,
            "keystoreAlias":null,
            "keyPass":null,
            "iosSignMethod":null,
            "iosSigningIdentity":null,
            "p12":null,
            "p12pwd":null,
            "unlockDefaultKeychain":null,
            "defaultKeychainPassword":null,
            "provProfileUuid":null,
            "provProfile":null,
            "removeProfile":null,
            "xcodeDeveloperDir":null,
            "windowsAppx":null,
            "windowsPhoneOnly":null,
            "windowsOnly":null,
            "cordovaArgs":null,
            "outputPattern":null,
            "targetEmulator":null,
            "testRunner":null,
            "mergeTestResults":null,
            "publishRunAttachments":null,
            "connectedServiceName":null,
            "appID":null,
            "binaryPath":null,
            "symbolsPath":null,
            "nativeLibraryPath":null,
            "notesPath":null,
            "notes":null,
            "publish":null,
            "mandatory":null,
            "notify":null,
            "tags":null,
            "teams":null,
            "users":null,
            "PathtoPublish":"$(build.binariesdirectory)/$(BuildConfiguration)",
            "ArtifactName":"drop",
            "ArtifactType":"Container",
            "TargetPath":"\\\\my\\share\\$(Build.DefinitionName)\\$(Build.BuildNumber)",
            "solution":null,
            "msbuildArgs":null,
            "clean":null,
            "restoreNugetPackages":null,
            "vsLocationMethod":null,
            "vsVersion":null,
            "vsLocation":null,
            "msbuildLocationMethod":null,
            "msbuildVersion":null,
            "msbuildArchitecture":null,
            "msbuildLocation":null,
            "logProjectEvents":null,
            "testAssembly":null,
            "testFiltercriteria":null,
            "runSettingsFile":null,
            "codeCoverageEnabled":null,
            "otherConsoleOptions":null,
            "vsTestVersion":null,
            "pathtoCustomTestAdapters":null,
            "CopyRoot":null,
            "Contents":null
         }
      }
   ],
  "options": [
    {
      "enabled": false,
      "definition": {
        "id": "7c555368-ca64-4199-add6-9ebaf0b0137d"
      },
      "inputs": {
        "parallel": false,
        "continueOnError": true,
        "workItemType": null,
        "assignToRequestor": false,
        "additionalFields": "{}",
        "multipliers": "[]"
      }
    },
    {
      "enabled": false,
      "definition": {
        "id": "a9db38f9-9fdc-478c-b0f9-464221e58316"
      },
      "inputs": {
        "parallel": false,
        "continueOnError": false,
        "workItemType": "35102",
        "assignToRequestor": true,
        "additionalFields": "{}",
        "multipliers": null
      }
    },
    {
      "enabled": false,
      "definition": {
        "id": "57578776-4c22-4526-aeb0-86b6da17ee9c"
      },
      "inputs": {
        "parallel": false,
        "continueOnError": false,
        "workItemType": null,
        "assignToRequestor": false,
        "additionalFields": "{}",
        "multipliers": null
      }
    }
  ],
  "triggers": [
  {
"branchFilters": [
  "+refs/heads/master"
],
"pathFilters": [
  "+BikeSharing360_MobileApps"
],
"batchChanges": true,
"maxConcurrentBuildsPerBranch": 1,
"triggerType": "continuousIntegration"
}
],
   "variables":{  
      "system.debug":{  
         "value":"true",
         "allowOverride":true
      },
    "BuildConfiguration": {
      "value": "Release",
      "allowOverride": false
    },
    "keystore.url": {
"value": "https://mybikesbuild579.blob.core.windows.net/buildfiles/bikesharing.keystore"
},
"keystore.name": {
"value": "bikesharing.keystore"
},
"keystore.pwd": {
"value": "MyBikes360@1"
},
"keystore.alias": {
"value": "bikesharingKey"
}
     
   },
   "retentionRules":[  
      {  
         "branches":[  
            "+refs/heads/*"
         ],
         "artifacts":[  

         ],
         "artifactTypesToDelete":[  
            "FilePath",
            "SymbolStore"
         ],
         "daysToKeep":10,
         "minimumToKeep":1,
         "deleteBuildRecord":true,
         "deleteTestResults":true
      }
   ],
   "buildNumberFormat":"$(date:yyyyMMdd)$(rev:.r)",
   "jobAuthorizationScope":"projectCollection",
   "jobTimeoutInMinutes":60,
   "repository":{  
      "properties":{  
         "labelSources":"0",
         "reportBuildStatus":"true"
      },
      "id": "$bikesharing360$",
    "type": "TfsGit",
    "name": "bikesharing360",
      "url":"",
      "defaultBranch":"refs/heads/master",
      "clean":"false",
      "checkoutSubmodules":false
   },
   "quality":"definition",
   "defaultBranch":null,
   "queue":{  
      "pool":{  
         "name":"Default"
      },
      "name":"Default"
   }
}