<?xml version="1.0"?>
<doc>
    <assembly>
        <name>Microsoft.VisualStudio.Services.Client.Interactive</name>
    </assembly>
    <members>
        <member name="M:Microsoft.VisualStudio.Services.Client.CredentialStorageUtility.GetCredentials(Microsoft.VisualStudio.Services.Common.TokenStorage.VssToken)">
            <summary>
            Returns a credentials object for the specified initial token and no additional
            information to obtain a new token if the initial one fails. The credentials will
            only work if the initial token is valid.
            </summary>
            <param name="token"></param>
            <returns></returns>
        </member>
        <member name="M:Microsoft.VisualStudio.Services.Client.CredentialStorageUtility.GetTokenFromString(Microsoft.VisualStudio.Services.Common.VssCredentialsType,System.String)">
            <summary>
            
            </summary>
            <param name="credentialsType"></param>
            <param name="tokenValue"></param>
            <returns></returns>
        </member>
        <member name="M:Microsoft.VisualStudio.Services.Client.CredentialStorageUtility.GetTokenAsString(Microsoft.VisualStudio.Services.Common.IssuedToken)">
            <summary>
            
            </summary>
            <param name="token"></param>
            <returns></returns>
        </member>
        <member name="T:Microsoft.VisualStudio.Services.Client.VssAadCredential">
            <summary>
            Currently it is impossible to get whether prompting is allowed from the credential itself without reproducing the logic
            used by VssClientCredentials. Since this is a stop gap solution to get Windows integrated authentication to work against
            AAD via ADFS for now this class will only support that one, non-interactive flow. We need to assess how much we want to
            invest in this legacy stack rather than recommending people move to the VssConnect API for future authentication needs.
            </summary>
        </member>
        <member name="M:Microsoft.VisualStudio.Services.Client.VssAadTokenProvider.OnGetTokenAsync(Microsoft.VisualStudio.Services.Common.IssuedToken,System.Threading.CancellationToken)">
            <summary>
            Temporary implementation since we don't have a good configuration story here at the moment.
            </summary>
        </member>
        <member name="T:Microsoft.VisualStudio.Services.Client.VssClientCredentials">
            <summary>
            Provides credentials to use when connecting to a Visual Studio Service.
            </summary>
        </member>
        <member name="M:Microsoft.VisualStudio.Services.Client.VssClientCredentials.#ctor">
            <summary>
            Initializes a new <c>VssClientCredentials</c> instance with default credentials.
            </summary>
        </member>
        <member name="M:Microsoft.VisualStudio.Services.Client.VssClientCredentials.#ctor(System.Boolean)">
            <summary>
            Initializes a new <c>VssClientCredentials</c> instance with default credentials if specified.
            </summary>
            <param name="useDefaultCredentials">True to use default windows credentials; otherwise, false</param>
        </member>
        <member name="M:Microsoft.VisualStudio.Services.Client.VssClientCredentials.#ctor(Microsoft.VisualStudio.Services.Common.IVssCredentialPrompt)">
            <summary>
            Initializes a new <c>VssClientCredentials</c> instance with default credentials and the 
            specified credential prompt.
            </summary>
            <param name="credentialPrompt">The prompt to get credentials</param>
        </member>
        <member name="M:Microsoft.VisualStudio.Services.Client.VssClientCredentials.#ctor(Microsoft.VisualStudio.Services.Common.WindowsCredential)">
            <summary>
            Initializes a new <c>VssClientCredentials</c> instance with the specified windows credential and
            default issued token credential.
            </summary>
            <param name="windowsCredential">The windows credential to use for authentication</param>
        </member>
        <member name="M:Microsoft.VisualStudio.Services.Client.VssClientCredentials.#ctor(Microsoft.VisualStudio.Services.Common.WindowsCredential,Microsoft.VisualStudio.Services.Common.CredentialPromptType)">
            <summary>
            Initializes a new <c>VssClientCredentials</c> instance with the specified windows credential and
            default issued token credential.
            </summary>
            <param name="windowsCredential">The windows credential to use for authentication</param>
            <param name="promptType">CredentialPromptType.PromptIfNeeded if interactive prompts are allowed, otherwise CredentialProptType.DoNotPrompt</param>
        </member>
        <member name="M:Microsoft.VisualStudio.Services.Client.VssClientCredentials.#ctor(Microsoft.VisualStudio.Services.Common.FederatedCredential)">
            <summary>
            Initializes a new <c>VssClientCredentials</c> instance with the specified windows credential and
            default issued token credential.
            </summary>
            <param name="federatedCredential">The federated credential to use for authentication</param>
        </member>
        <member name="M:Microsoft.VisualStudio.Services.Client.VssClientCredentials.#ctor(Microsoft.VisualStudio.Services.Common.WindowsCredential,Microsoft.VisualStudio.Services.Common.FederatedCredential)">
            <summary>
            Initializes a new <c>VssClientCredentials</c> instance with the specified windows and issued token 
            credential.
            </summary>
            <param name="windowsCredential">The windows credential to use for authentication</param>
            <param name="federatedCredential">The federated credential to use for authentication</param>
        </member>
        <member name="M:Microsoft.VisualStudio.Services.Client.VssClientCredentials.#ctor(Microsoft.VisualStudio.Services.Common.WindowsCredential,Microsoft.VisualStudio.Services.Common.FederatedCredential,Microsoft.VisualStudio.Services.Common.CredentialPromptType)">
            <summary>
            Initializes a new <c>VssClientCredentials</c> instance with the specified windows and issued token 
            credential.
            </summary>
            <param name="windowsCredential">The windows credential to use for authentication</param>
            <param name="federatedCredential">The federated credential to use for authentication</param>
            <param name="promptType">CredentialPromptType.PromptIfNeeded if interactive prompts are allowed, otherwise CredentialProptType.DoNotPrompt</param>
        </member>
        <member name="M:Microsoft.VisualStudio.Services.Client.VssClientCredentials.#ctor(Microsoft.VisualStudio.Services.Common.WindowsCredential,Microsoft.VisualStudio.Services.Common.FederatedCredential,Microsoft.VisualStudio.Services.Common.CredentialPromptType,System.Threading.Tasks.TaskScheduler)">
            <summary>
            Initializes a new <c>VssClientCredentials</c> instance with the specified windows and issued token 
            credential.
            </summary>
            <param name="windowsCredential">The windows credential to use for authentication</param>
            <param name="federatedCredential">The federated credential to use for authentication</param>
            <param name="promptType">CredentialPromptType.PromptIfNeeded if interactive prompts are allowed; otherwise, CredentialProptType.DoNotPrompt</param>
            <param name="scheduler">An optional <c>TaskScheduler</c> to ensure credentials prompting occurs on the UI thread</param>
        </member>
        <member name="M:Microsoft.VisualStudio.Services.Client.VssClientCredentials.#ctor(Microsoft.VisualStudio.Services.Common.WindowsCredential,Microsoft.VisualStudio.Services.Common.FederatedCredential,Microsoft.VisualStudio.Services.Common.CredentialPromptType,System.Threading.Tasks.TaskScheduler,Microsoft.VisualStudio.Services.Common.IVssCredentialPrompt)">
            <summary>
            Initializes a new <c>VssCredentials</c> instance with the specified windows and issued token 
            credential.
            </summary>
            <param name="windowsCredential">The windows credential to use for authentication</param>
            <param name="federatedCredential">The federated credential to use for authentication</param>
            <param name="promptType">CredentialPromptType.PromptIfNeeded if interactive prompts are allowed; otherwise, CredentialProptType.DoNotPrompt</param>
            <param name="scheduler">An optional <c>TaskScheduler</c> to ensure credentials prompting occurs on the UI thread</param>
            <param name="credentialPrompt">An optional <c>IVssCredentialPrompt</c> to perform prompting for credentials</param>
        </member>
        <member name="M:Microsoft.VisualStudio.Services.Client.VssClientCredentials.op_Implicit(Microsoft.VisualStudio.Services.Common.FederatedCredential)~Microsoft.VisualStudio.Services.Client.VssClientCredentials">
            <summary>
            Implicitly converts a <c>FederatedCredential</c> instance into a <c>VssClientCredentials</c> instance.
            </summary>
            <param name="credential">The federated credential instance</param>
            <returns>A new <c>VssClientCredentials</c> instance which wraps the specified credential</returns>
        </member>
        <member name="M:Microsoft.VisualStudio.Services.Client.VssClientCredentials.op_Implicit(Microsoft.VisualStudio.Services.Common.WindowsCredential)~Microsoft.VisualStudio.Services.Client.VssClientCredentials">
            <summary>
            Implicitly converts a <c>WindowsCredential</c> instance into a <c>VssClientCredentials</c> instance.
            </summary>
            <param name="credential">The windows credential instance</param>
            <returns>A new <c>VssClientCredentials</c> instance which wraps the specified credential</returns>
        </member>
        <member name="T:Microsoft.VisualStudio.Services.Client.VssFederatedCredential">
            <summary>
            Provides federated authentication with a hosted <c>VssConnection</c> instance using cookies.
            </summary>
        </member>
        <member name="M:Microsoft.VisualStudio.Services.Client.VssFederatedCredential.#ctor">
            <summary>
            Initializes a new <c>VssFederatedCredential</c> instance.
            </summary>
        </member>
        <member name="M:Microsoft.VisualStudio.Services.Client.VssFederatedCredential.#ctor(System.Boolean)">
            <summary>
            Initializes a new <c>VssFederatedCredential</c> instance.
            </summary>
        </member>
        <member name="M:Microsoft.VisualStudio.Services.Client.VssFederatedCredential.#ctor(Microsoft.VisualStudio.Services.Client.VssFederatedToken)">
            <summary>
            Initializes a new <c>VssFederatedCredential</c> instance.
            </summary>
            <param name="initialToken">The initial token if available</param>
        </member>
        <member name="P:Microsoft.VisualStudio.Services.Client.VssFederatedCredential.CredentialType">
            <summary>
            
            </summary>
        </member>
        <member name="T:Microsoft.VisualStudio.Services.Client.VssFederatedToken">
            <summary>
            Provides a cookie-based authentication token.
            </summary>
        </member>
        <member name="M:Microsoft.VisualStudio.Services.Client.VssFederatedToken.#ctor(System.Net.CookieCollection)">
            <summary>
            Initializes a new <c>VssFederatedToken</c> instance using the specified cookies.
            </summary>
            <param name="cookies"></param>
        </member>
        <member name="P:Microsoft.VisualStudio.Services.Client.VssFederatedToken.CookieCollection">
            <summary>
            Returns the CookieCollection contained within this token. For internal use only.
            </summary>
        </member>
        <member name="T:Microsoft.VisualStudio.Services.Client.VssFederatedTokenProvider">
            <summary>
            Provides authentication for internet identities using single-sign-on cookies.
            </summary>
        </member>
        <member name="P:Microsoft.VisualStudio.Services.Client.VssFederatedTokenProvider.Credential">
            <summary>
            Gets the federated credential from which this provider was created.
            </summary>
        </member>
        <member name="P:Microsoft.VisualStudio.Services.Client.VssFederatedTokenProvider.GetTokenIsInteractive">
            <summary>
            Gets a value indicating whether or not a call to get token will require interactivity.
            </summary>
        </member>
        <member name="P:Microsoft.VisualStudio.Services.Client.VssFederatedTokenProvider.Issuer">
            <summary>
            Gets the issuer for the token provider.
            </summary>
        </member>
        <member name="P:Microsoft.VisualStudio.Services.Client.VssFederatedTokenProvider.Realm">
            <summary>
            Gets the realm for the token provider.
            </summary>
        </member>
        <member name="M:Microsoft.VisualStudio.Services.Client.VssOAuthCredential.#ctor(Microsoft.VisualStudio.Services.Client.VssOAuthTokenContainer)">
            <summary>
            Initializes a new <c>VssOAuthCredential</c> instance with the specified initial token.
            </summary>
            <param name="initialToken">The initial token to use  on the resource server before attempting to contact 
            the authorization server for another grant or new access token. Usually this token will have been 
            persisted by the caller and is used here to resume the session</param>
        </member>
        <member name="M:Microsoft.VisualStudio.Services.Client.VssOAuthCredential.#ctor(System.String)">
            <summary>
            Initializes a new <c>VssOAuthCredential</c> instance with the provided access token.
            </summary>
            <param name="accessToken">The OAuth access token</param>
        </member>
        <member name="M:Microsoft.VisualStudio.Services.Client.VssOAuthCredential.#ctor(Microsoft.VisualStudio.Services.Client.VssOAuthToken)">
            <summary>
            Initializes a new <c>VssOAuthCredential</c> instance with the provided access token.
            </summary>
            <param name="accessToken">The OAuth access token</param>
        </member>
        <member name="M:Microsoft.VisualStudio.Services.Client.VssOAuthCredential.#ctor(System.Uri,System.String,System.String,System.String)">
            <summary>
            Initializes a new <c>VssOAuthCredential</c> instance with the specified client id and secret and either an
            authorization code or a refresh token
            </summary>
            <param name="clientId">The client id</param>
            <param name="clientSecret">The client secret</param>
            <param name="authCodeOrRefreshToken">Either an authorization code or a refresh token which can be used
            to obtain an access token (and a new refresh token)</param>
        </member>
        <member name="M:Microsoft.VisualStudio.Services.Client.VssOAuthCredential.#ctor(System.Uri,System.String,System.String,System.String,System.Action{Microsoft.VisualStudio.Services.Client.VssOAuthTokenContainer})">
            <summary>
            Initializes a new <c>VssOAuthCredential</c> instance with the specified client id and secret and either an
            authorization code or a refresh token
            </summary>
            <param name="authorizationUri">The base URI of the authorization server. This is usually the same
            as the URI of the TFS server</param>
            <param name="clientId">The client id</param>
            <param name="clientSecret">The client secret</param>
            <param name="authCodeOrRefreshToken">Either an authorization code or a refresh token which can be used
            to obtain an access token (and a new refresh token)</param>
            <param name="tokensReceived">Allow API consumers to obtain the received access token and refresh token in case they need to be
            persisted for future access</param>
        </member>
        <member name="M:Microsoft.VisualStudio.Services.Client.VssOAuthCredential.#ctor(System.Uri,System.String,System.String,Microsoft.VisualStudio.Services.Client.VssOAuthTokenContainer,System.Action{Microsoft.VisualStudio.Services.Client.VssOAuthTokenContainer})">
            <summary>
            Initializes a new <c>VssOAuthCredential</c> instance with the specified client id and secret and an
            initial token
            </summary>
            <param name="authorizationUri">The base URI of the authorization server. This is usually the same
            as the URI of the TFS server</param>
            <param name="clientId">The client id</param>
            <param name="clientSecret">The client secret</param>
            <param name="initialToken">The initial token to use  on the resource server before attempting to contact the authorization server
            (for another grant or new access token). Usually this token will have been persisted by the caller and is
            used here to resume the session</param>
            <param name="tokensReceived">Allow API consumers to obtain the received access token and refresh token in case they need to be
            persisted for future access</param>
        </member>
        <member name="P:Microsoft.VisualStudio.Services.Client.VssOAuthCredential.CredentialType">
            <summary>
            
            </summary>
        </member>
        <member name="P:Microsoft.VisualStudio.Services.Client.VssOAuthCredential.ClientId">
            <summary>
            Gets the client id.
            </summary>
        </member>
        <member name="P:Microsoft.VisualStudio.Services.Client.VssOAuthCredential.ClientSecret">
            <summary>
            Gets the client secret.
            </summary>
        </member>
        <member name="P:Microsoft.VisualStudio.Services.Client.VssOAuthCredential.TokensReceived">
            <summary>
            The API-consumer-provided callback to invoke when an access token and a refresh token
            are obtained from the authorization server
            </summary>
        </member>
        <member name="M:Microsoft.VisualStudio.Services.Client.VssOAuthCredential.IsAuthenticationChallenge(Microsoft.VisualStudio.Services.Common.IHttpResponse)">
            <summary>
            
            </summary>
            <param name="webResponse"></param>
            <returns></returns>
        </member>
        <member name="M:Microsoft.VisualStudio.Services.Client.VssOAuthCredential.OnCreateTokenProvider(System.Uri,Microsoft.VisualStudio.Services.Common.IHttpResponse)">
            <summary>
            Creates a provider for retrieving security tokens for the provided credentials.
            </summary>
            <returns>An issued token provider for the current credential</returns>
        </member>
        <member name="T:Microsoft.VisualStudio.Services.Client.VssOAuthTokenType">
            <summary>
            The type of OAuth token
            </summary>
        </member>
        <member name="T:Microsoft.VisualStudio.Services.Client.VssOAuthToken">
            <summary>
            Provides a token used for OAuth delegation based authentication
            </summary>
        </member>
        <member name="M:Microsoft.VisualStudio.Services.Client.VssOAuthToken.#ctor(System.String)">
            <summary>
            Constructs a new <c>OAuthToken</c> instance of type <c>VssOAuthTokenType.AccessToken</c>.
            </summary>
            <param name="token"></param>
        </member>
        <member name="M:Microsoft.VisualStudio.Services.Client.VssOAuthToken.#ctor(System.String,Microsoft.VisualStudio.Services.Client.VssOAuthTokenType)">
            <summary>
            
            </summary>
            <param name="token"></param>
            <param name="tokenType"></param>
        </member>
        <member name="M:Microsoft.VisualStudio.Services.Client.VssOAuthToken.#ctor(System.String,Microsoft.VisualStudio.Services.Client.VssOAuthTokenType,System.DateTime)">
            <summary>
            
            </summary>
            <param name="token"></param>
            <param name="tokenType"></param>
        </member>
        <member name="P:Microsoft.VisualStudio.Services.Client.VssOAuthToken.Token">
            <summary>
            Gets the underlying token as string
            </summary>
        </member>
        <member name="P:Microsoft.VisualStudio.Services.Client.VssOAuthToken.TokenType">
            <summary>
            Gets the type of OAuth token
            </summary>
        </member>
        <member name="P:Microsoft.VisualStudio.Services.Client.VssOAuthToken.Expiration">
            <summary>
            The expiration time of the token
            </summary>
        </member>
        <member name="T:Microsoft.VisualStudio.Services.Client.VssOAuthTokenContainer">
            <summary>
            A container to encapsulate an OAuth access token and an OAuth refresh token (or authorization code)
            </summary>
        </member>
        <member name="P:Microsoft.VisualStudio.Services.Client.VssOAuthTokenContainer.AccessToken">
            <summary>
            The access code used to prove authorization on the resource server
            </summary>
        </member>
        <member name="P:Microsoft.VisualStudio.Services.Client.VssOAuthTokenContainer.RefreshToken">
            <summary>
            The refresh token (or authorization code)
            </summary>
        </member>
        <member name="M:Microsoft.VisualStudio.Services.Client.VssOAuthTokenContainer.ApplyTo(Microsoft.VisualStudio.Services.Common.IHttpRequest)">
            <summary>
            
            </summary>
            <param name="message"></param>
        </member>
        <member name="M:Microsoft.VisualStudio.Services.Client.VssOAuthTokenContainer.ExtractTokens(System.IO.Stream)">
            <summary>
            Extract the OAuth tokens from the response data
            </summary>
            <param name="stream"></param>
            <returns></returns>
        </member>
        <member name="M:Microsoft.VisualStudio.Services.Client.VssOAuthTokenContainer.FromAccessToken(System.String)">
            <summary>
            Build an OAuth token from an access token.
            </summary>
            <param name="accessToken"></param>
            <returns></returns>
        </member>
        <member name="M:Microsoft.VisualStudio.Services.Client.VssOAuthTokenContainer.FromAuthCodeOrRefreshToken(System.String)">
            <summary>
            Build an OAuth token from a refresh token or an authorization code.
            </summary>
            <param name="authCodeOrRefreshToken"></param>
            <returns></returns>
        </member>
        <member name="P:Microsoft.VisualStudio.Services.Client.VssOAuthTokenProvider.Credential">
            <summary>
            Gets the OAuth token credential from which this provider was created.
            </summary>
        </member>
        <member name="P:Microsoft.VisualStudio.Services.Client.VssOAuthTokenProvider.GetTokenIsInteractive">
            <summary>
            Gets a value indicating whether or not a call to get token will require interactivity.
            </summary>
        </member>
        <member name="M:Microsoft.VisualStudio.Services.Client.VssOAuthTokenProvider.OnGetTokenAsync(Microsoft.VisualStudio.Services.Common.IssuedToken,System.Threading.CancellationToken)">
            <summary>
            Issues a request to synchronously retrieve a token for the associated credential.
            </summary>
            <returns></returns>
        </member>
        <member name="T:Microsoft.VisualStudio.Services.Client.AccountManagement.AccountKeyComparer">
            <summary>
            Comparer to compare two account keys
            </summary>
        </member>
        <member name="M:Microsoft.VisualStudio.Services.Client.AccountManagement.AccountKeyComparer.Equals(Microsoft.VisualStudio.Services.Client.AccountManagement.AccountKey,Microsoft.VisualStudio.Services.Client.AccountManagement.AccountKey)">
            <summary>
            Determine if two account keys are equal
            </summary>
        </member>
        <member name="M:Microsoft.VisualStudio.Services.Client.AccountManagement.AccountKeyComparer.GetHashCode(Microsoft.VisualStudio.Services.Client.AccountManagement.AccountKey)">
            <summary>
            Generate a hash code based on the account keys.
            </summary>
        </member>
        <member name="T:Microsoft.VisualStudio.Services.Client.AccountManagement.AccountDisplayInfoNoLogoComparer">
            <summary>
            Compare two account display info objects.
            </summary>
        </member>
        <member name="M:Microsoft.VisualStudio.Services.Client.AccountManagement.AccountDisplayInfoNoLogoComparer.Equals(Microsoft.VisualStudio.Services.Client.AccountManagement.AccountDisplayInfo,Microsoft.VisualStudio.Services.Client.AccountManagement.AccountDisplayInfo)">
            <summary>
            Determine if the two objects are equal
            </summary>
        </member>
        <member name="M:Microsoft.VisualStudio.Services.Client.AccountManagement.AccountDisplayInfoNoLogoComparer.GetHashCode(Microsoft.VisualStudio.Services.Client.AccountManagement.AccountDisplayInfo)">
            <summary>
            Generate a hash code for the display info.
            </summary>
        </member>
        <member name="T:Microsoft.VisualStudio.Services.Client.AccountManagement.AccountMemberComparer">
            <summary>
            Compare the individual fields on an account to determine if they are different in contents.
            </summary>
        </member>
        <member name="M:Microsoft.VisualStudio.Services.Client.AccountManagement.AccountMemberComparer.Equals(Microsoft.VisualStudio.Services.Client.AccountManagement.Account,Microsoft.VisualStudio.Services.Client.AccountManagement.Account)">
            <summary>
            Determine if the accounts are the same including contents. 
            </summary>
        </member>
        <member name="M:Microsoft.VisualStudio.Services.Client.AccountManagement.AccountMemberComparer.GetHashCode(Microsoft.VisualStudio.Services.Client.AccountManagement.Account)">
            <summary>
            Generate a hash code for the accounts
            </summary>
        </member>
        <member name="T:Microsoft.VisualStudio.Services.Client.AccountManagement.AccountInitializationData">
            <summary>
            Data used to initialize an account.
            </summary>
        </member>
        <member name="P:Microsoft.VisualStudio.Services.Client.AccountManagement.AccountInitializationData.DisplayInfo">
            <summary>
            Information displayed, usually to an end user
            </summary>
        </member>
        <member name="P:Microsoft.VisualStudio.Services.Client.AccountManagement.AccountInitializationData.UniqueId">
            <summary>
            UniqueId for the account
            </summary>
        </member>
        <member name="P:Microsoft.VisualStudio.Services.Client.AccountManagement.AccountInitializationData.Authenticator">
            <summary>
            Name of the authenticator for the account. This is normally the IDP such as live.com, or STS
            </summary>
        </member>
        <member name="P:Microsoft.VisualStudio.Services.Client.AccountManagement.AccountInitializationData.ParentProviderId">
            <summary>
            UniqueId for the account provider that created this account
            </summary>
        </member>
        <member name="P:Microsoft.VisualStudio.Services.Client.AccountManagement.AccountInitializationData.Properties">
            <summary>
            Set of properties on the account
            </summary>
        </member>
        <member name="P:Microsoft.VisualStudio.Services.Client.AccountManagement.AccountInitializationData.SupportedAccountProviders">
            <summary>
            Set of supported account providers. This is a list in addition to the ParentProviderId that will work with this account
            </summary>
        </member>
        <member name="P:Microsoft.VisualStudio.Services.Client.AccountManagement.AccountInitializationData.NeedsReauthentication">
            <summary>
            Does the account need reauthentication
            </summary>
        </member>
        <member name="T:Microsoft.VisualStudio.Services.Client.AccountManagement.Account">
            <summary>
            Representation of an account on the keychain. 
            </summary>
        </member>
        <member name="F:Microsoft.VisualStudio.Services.Client.AccountManagement.Account.AccountMemberComparer">
            <summary>
            Comparer to compare the contents to two different accounts to determine if they are equal
            </summary>
        </member>
        <member name="M:Microsoft.VisualStudio.Services.Client.AccountManagement.Account.#ctor(Microsoft.VisualStudio.Services.Client.AccountManagement.AccountInitializationData)">
            <summary>
            Constructor
            </summary>
            <param name="initializationData">Initialization data</param>
        </member>
        <member name="P:Microsoft.VisualStudio.Services.Client.AccountManagement.Account.Authenticator">
            <summary>
            Name of the authenticator for the account. This is normally the IDP such as live.com, or STS
            </summary>
        </member>
        <member name="P:Microsoft.VisualStudio.Services.Client.AccountManagement.Account.SupportedAccountProviders">
            <summary>
            Set of supported account providers. This is a list in addition to the ParentProviderId that will work with this account
            </summary>
        </member>
        <member name="P:Microsoft.VisualStudio.Services.Client.AccountManagement.Account.DisplayInfo">
            <summary>
            Information displayed, usually to an end user
            </summary>
        </member>
        <member name="P:Microsoft.VisualStudio.Services.Client.AccountManagement.Account.Properties">
            <summary>
            Set of properties on the account
            </summary>
        </member>
        <member name="P:Microsoft.VisualStudio.Services.Client.AccountManagement.Account.NeedsReauthentication">
            <summary>
            Does the account need reauthentication
            </summary>
        </member>
        <member name="M:Microsoft.VisualStudio.Services.Client.AccountManagement.Account.InitializationDataFromAccount">
            <summary>
            Get initialization data from an account
            </summary>
            <returns></returns>
        </member>
        <member name="T:Microsoft.VisualStudio.Services.Client.AccountManagement.AccountDisplayInfo">
            <summary>
            Information on an account that is commonly displayed to an end user
            </summary>
        </member>
        <member name="F:Microsoft.VisualStudio.Services.Client.AccountManagement.AccountDisplayInfo.DisplayInfoNoLogoComparer">
            <summary>
            Comparer to compare two display info objects to each other to determine if they are the same.
            </summary>
        </member>
        <member name="M:Microsoft.VisualStudio.Services.Client.AccountManagement.AccountDisplayInfo.#ctor(System.String,System.String,System.String,System.Byte[],System.Byte[])">
            <summary>
            Constructor
            </summary>
            <param name="accountDisplayName">Display name of the account</param>
            <param name="providerDisplayName">Display name of the provider</param>
            <param name="userName">User name for the account</param>
            <param name="accountLogo">Logo for the account</param>
            <param name="providerLogo">Logo for the provider</param>
        </member>
        <member name="P:Microsoft.VisualStudio.Services.Client.AccountManagement.AccountDisplayInfo.AccountDisplayName">
            <summary>
            Display name of the account
            </summary>
        </member>
        <member name="P:Microsoft.VisualStudio.Services.Client.AccountManagement.AccountDisplayInfo.ProviderDisplayName">
            <summary>
            Display name of the provider
            </summary>
        </member>
        <member name="P:Microsoft.VisualStudio.Services.Client.AccountManagement.AccountDisplayInfo.UserName">
            <summary>
            User name
            </summary>
        </member>
        <member name="P:Microsoft.VisualStudio.Services.Client.AccountManagement.AccountDisplayInfo.AccountLogo">
            <summary>
            Logo for the account
            </summary>
        </member>
        <member name="P:Microsoft.VisualStudio.Services.Client.AccountManagement.AccountDisplayInfo.ProviderLogo">
            <summary>
            Logo for the provider
            </summary>
        </member>
        <member name="T:Microsoft.VisualStudio.Services.Client.AccountManagement.AccountKey">
            <summary>
            Represents the key information to differentiate one account from another
            </summary>
        </member>
        <member name="F:Microsoft.VisualStudio.Services.Client.AccountManagement.AccountKey.KeyComparer">
            <summary>
            Comparer to compare two keys together
            </summary>
        </member>
        <member name="M:Microsoft.VisualStudio.Services.Client.AccountManagement.AccountKey.#ctor(System.String,System.Guid)">
            <summary>
            Constructor
            </summary>
        </member>
        <member name="P:Microsoft.VisualStudio.Services.Client.AccountManagement.AccountKey.UniqueId">
            <summary>
            UniqueId for the account, this must be unique per provider.
            </summary>
        </member>
        <member name="P:Microsoft.VisualStudio.Services.Client.AccountManagement.AccountKey.ProviderId">
            <summary>
            Provider unique guid
            </summary>
        </member>
        <member name="T:Microsoft.VisualStudio.Services.Client.AccountManagement.Logging.AggregateLogger">
            <summary>
            Represents an <see cref="T:Microsoft.VisualStudio.Services.Client.AccountManagement.Logging.ILogger"/> supporting multiple loggers.
            </summary>
        </member>
        <member name="T:Microsoft.VisualStudio.Services.Client.AccountManagement.Logging.ILogger">
            <summary>
            Represents a logger that can log events with named properties.
            </summary>
        </member>
        <member name="M:Microsoft.VisualStudio.Services.Client.AccountManagement.Logging.ILogger.LogEvent(System.String,System.Collections.Generic.IDictionary{System.String,System.Object})">
            <summary>
            Logs an event with the specified name and properties.
            </summary>
            <param name="name">The name of the event.</param>
            <param name="properties">The properties of the event.</param>
        </member>
        <member name="T:Microsoft.VisualStudio.Services.Client.AccountManagement.AccountStorageException">
            <summary>
            Exception thrown when there is a problem with the account storage.
            </summary>
        </member>
        <member name="T:Microsoft.VisualStudio.Services.Client.AccountManagement.AccountsProcessedEventArgs">
            <summary>
            This event indicates when any account processing currently in progress finishes
            </summary>
        </member>
        <member name="M:Microsoft.VisualStudio.Services.Client.AccountManagement.AccountsProcessedEventArgs.#ctor(System.Collections.Generic.IList{System.Exception})">
            <summary>
            Constructor
            </summary>
            <param name="exceptions"></param>
        </member>
        <member name="M:Microsoft.VisualStudio.Services.Client.AccountManagement.AccountsProcessedEventArgs.#ctor(System.Boolean,System.Collections.Generic.IList{System.Exception})">
            <summary>
            Account processing event
            </summary>
            <param name="skipped">Was account processing skipped due to there being no changes to process</param>
            <param name="exceptions">Were there any exceptions during account processing</param>
        </member>
        <member name="P:Microsoft.VisualStudio.Services.Client.AccountManagement.AccountsProcessedEventArgs.Skipped">
            <summary>
            Get or sets a value indicating whether or not the processing task was skipped, likely due to there being no cache changes between this call and the last call.
            </summary>
        </member>
        <member name="P:Microsoft.VisualStudio.Services.Client.AccountManagement.AccountsProcessedEventArgs.Exceptions">
            <summary>
            What exceptions happened during account processing.
            </summary>
        </member>
        <member name="T:Microsoft.VisualStudio.Services.Client.AccountManagement.ScopeInfo">
            <summary>
            Contains information about how an account should be scoped.
            This will contain one scope element which is either a tenantId guid or a domain name which will 
            be converted to a tenantId at a later point. 
            </summary>
        </member>
        <member name="P:Microsoft.VisualStudio.Services.Client.AccountManagement.ScopeInfo.Domain">
            <summary>
            A domain to scope an account to
            </summary>
        </member>
        <member name="P:Microsoft.VisualStudio.Services.Client.AccountManagement.ScopeInfo.TenantId">
            <summary>
            A tenantId to scope the account to
            </summary>
        </member>
        <member name="M:Microsoft.VisualStudio.Services.Client.AccountManagement.ScopeInfo.UpdateTenantIdForDomain(System.Guid)">
            <summary>
            After we transform a domain to a tenantId we need to update the scope info with the tenantId guid
            </summary>
        </member>
        <member name="T:Microsoft.VisualStudio.Services.Client.AccountManagement.TenantInformation">
            <summary>
            Internal structure to contain the information about a tenant
            </summary>
        </member>
        <member name="P:Microsoft.VisualStudio.Services.Client.AccountManagement.TenantInformation.UniqueIds">
            <summary>
            Set of uniqueId's that belong to a tenant. Normally this is only one. But if we are authenticating an MSA that is a dual headed 
            account we will get get one from live and one from AAD.
            </summary>
        </member>
        <member name="P:Microsoft.VisualStudio.Services.Client.AccountManagement.TenantInformation.TenantId">
            <summary>
            TenantId guid from ADAL
            </summary>
        </member>
        <member name="P:Microsoft.VisualStudio.Services.Client.AccountManagement.TenantInformation.FriendlyName">
            <summary>
            The friendly name of the tenant if it is available. If the tenant came from a filter
            this will be empty. If it came from VSTS it will normally have a friendly anme
            </summary>
        </member>
        <member name="P:Microsoft.VisualStudio.Services.Client.AccountManagement.TenantInformation.IsOwned">
            <summary>
            Is the tenant owned by this account. This list comes from VSTS
            </summary>
        </member>
        <member name="T:Microsoft.VisualStudio.Services.Client.Keychain.Logging.DiagnosticsLoggingMessageSeverity">
            <summary>
            What is the severity of the diagnostics logging event
            </summary>
        </member>
        <member name="M:Microsoft.VisualStudio.Services.Client.Keychain.SessionTokenPair.GetTokenPair(System.String)">
            <summary>
            It will create new token pair object based on the token value data in storage
            Previously we were storing only self describing token in storage so for 
            backward compatibility reasons, first it tries to deserialize the object,
            if he couldn't deserialize it, he will assume the token value itself a selfdescribing
            token and will create token pair object without compact token value.
            </summary>
        </member>
        <member name="M:Microsoft.VisualStudio.Services.Client.ClientResources.#cctor">
            Creates the resource manager instance.
        </member>
        <member name="M:Microsoft.VisualStudio.Services.Client.ClientResources.Get(System.String)">
            Returns a localized string given a resource string name.
        </member>
        <member name="M:Microsoft.VisualStudio.Services.Client.ClientResources.Format(System.String,System.Object[])">
            A little helper function to alleviate some typing associated with loading resources and
            formatting the strings.  In DEBUG builds, it also asserts that the number of format
            arguments and the length of args match.
        </member>
        <member name="M:Microsoft.VisualStudio.Services.Client.ClientResources.UnexpectedNavigation">
            <summary>
            Unexpected navigation.
            </summary>
        </member>
        <member name="M:Microsoft.VisualStudio.Services.Client.ClientResources.UnexpectedNavigationToUrl">
             <summary>
             Precedes a URI in an exception message
            
             Unexpected navigation: 
             </summary>
        </member>
        <member name="M:Microsoft.VisualStudio.Services.Client.ClientResources.STAThreadRequired">
            <summary>
            The calling thread must be STA to show the dialog.
            </summary>
        </member>
        <member name="M:Microsoft.VisualStudio.Services.Client.ClientResources.BrowserNavigationFailed">
            <summary>
            Browser navigation failed.
            </summary>
        </member>
        <member name="M:Microsoft.VisualStudio.Services.Client.ClientResources.BrowserNavigationToUrlFailed">
             <summary>
             Precedes a URI in an exception message
            
             Browser navigation failed: 
             </summary>
        </member>
        <member name="M:Microsoft.VisualStudio.Services.Client.ClientResources.None">
             <summary>
             Used to represent a missing URI
            
             (none)
             </summary>
        </member>
        <member name="M:Microsoft.VisualStudio.Services.Client.ClientResources.BrowserScriptDisabled">
            <summary>
            SP324081: Check that your Internet Explorer security settings will allow JavaScript and cookies. If enabled, please contact support.
            </summary>
        </member>
        <member name="M:Microsoft.VisualStudio.Services.Client.ClientResources.ErrorDeserializeFailed">
            <summary>
            Failed to deserialize error data.
            </summary>
        </member>
        <member name="M:Microsoft.VisualStudio.Services.Client.ClientResources.SignInCancelled">
            <summary>
            Sign-in cancelled.
            </summary>
        </member>
        <member name="M:Microsoft.VisualStudio.Services.Client.ClientResources.TokenDeserializeFailed">
            <summary>
            Failed to deserialize token data.
            </summary>
        </member>
        <member name="M:Microsoft.VisualStudio.Services.Client.ClientResources.ExplicitTrustRequired">
            <summary>
            Your browser is security restricted or JavaScript is disabled. Do you want locations required for sign-in to be automatically added to your Trusted Sites list?
            </summary>
        </member>
        <member name="M:Microsoft.VisualStudio.Services.Client.ClientResources.NavigationBadGateway">
            <summary>
            SP324087: Connection is failing before reaching the server.
            </summary>
        </member>
        <member name="M:Microsoft.VisualStudio.Services.Client.ClientResources.NavigationBadRequest">
            <summary>
            SP324086: Server could not understand the request.
            </summary>
        </member>
        <member name="M:Microsoft.VisualStudio.Services.Client.ClientResources.NavigationForbidden">
            <summary>
            SP324084: Connection not allowed to access the server.
            </summary>
        </member>
        <member name="M:Microsoft.VisualStudio.Services.Client.ClientResources.NavigationGatewayTimeout">
            <summary>
            SP324088: Connection is timing out before reaching the server.
            </summary>
        </member>
        <member name="M:Microsoft.VisualStudio.Services.Client.ClientResources.NavigationInternalServerError">
            <summary>
            SP324089: Server was unable to complete the request.
            </summary>
        </member>
        <member name="M:Microsoft.VisualStudio.Services.Client.ClientResources.NavigationNotFound">
            <summary>
            SP324085: Connection could not find a resource on the server.
            </summary>
        </member>
        <member name="M:Microsoft.VisualStudio.Services.Client.ClientResources.NavigationServiceUnavailable">
            <summary>
            SP324082: Connection to the service is currently unavailable.
            </summary>
        </member>
        <member name="M:Microsoft.VisualStudio.Services.Client.ClientResources.NavigationUnauthorized">
            <summary>
            SP324083: Browser navigation failed due to it not being authorized for access.
            </summary>
        </member>
        <member name="M:Microsoft.VisualStudio.Services.Client.ClientResources.ServerBadRequest">
            <summary>
            SP324094: Our service could not understand the request.
            </summary>
        </member>
        <member name="M:Microsoft.VisualStudio.Services.Client.ClientResources.ServerForbidden">
            <summary>
            SP324092: You are not allowed to access a resource from our service.
            </summary>
        </member>
        <member name="M:Microsoft.VisualStudio.Services.Client.ClientResources.ServerInternalServerError">
            <summary>
            SP324095: Our service was unable to complete the request.
            </summary>
        </member>
        <member name="M:Microsoft.VisualStudio.Services.Client.ClientResources.ServerNotFound">
            <summary>
            SP324093: Could not find a resource from our service.
            </summary>
        </member>
        <member name="M:Microsoft.VisualStudio.Services.Client.ClientResources.ServerServiceUnavailable">
            <summary>
            SP324090: Our service is currently unavailable.
            </summary>
        </member>
        <member name="M:Microsoft.VisualStudio.Services.Client.ClientResources.ServerUnauthorized">
            <summary>
            SP324091: You are not authorized to access our service.
            </summary>
        </member>
        <member name="M:Microsoft.VisualStudio.Services.Client.ClientResources.ServerUnknownError">
            <summary>
            SP324096: Our service could not complete the operation.
            </summary>
        </member>
        <member name="M:Microsoft.VisualStudio.Services.Client.ClientResources.UnknownClientError">
            <summary>
            SP324098: Your browser could not complete the operation.
            </summary>
        </member>
        <member name="M:Microsoft.VisualStudio.Services.Client.ClientResources.UnknownError">
            <summary>
            SP324099: Could not complete the operation.
            </summary>
        </member>
        <member name="M:Microsoft.VisualStudio.Services.Client.ClientResources.AccountManagerProblemExecutingInGlobalMutex(System.Object)">
            <summary>
            There was a problem executing within the global mutex &apos;{0}&apos;.
            </summary>
        </member>
        <member name="M:Microsoft.VisualStudio.Services.Client.ClientResources.RegistryAccountStoreCannotCreateSubKey(System.Object,System.Object)">
            <summary>
            Could not write a new subkey {0}\\{1}.
            </summary>
        </member>
        <member name="M:Microsoft.VisualStudio.Services.Client.ClientResources.RegistryAccountStoreMemberNotValid(System.Object,System.Object)">
            <summary>
            The member &apos;{0}&apos; was not found in the registry for account: &apos;{1}&apos;.
            </summary>
        </member>
        <member name="M:Microsoft.VisualStudio.Services.Client.ClientResources.BlueBadgeAccountImage192192">
            <summary>
            Resources\BlueBadgeAccountImage192192.png;System.Drawing.Bitmap, System.Drawing, Version=4.0.0.0, Culture=neutral, PublicKeyToken=b03f5f7f11d50a3a
            </summary>
        </member>
        <member name="M:Microsoft.VisualStudio.Services.Client.ClientResources.VsAccountProviderName">
             <summary>
             Account is the representation of the user. Like a live account on hotmail or an outlook account.
            
             Microsoft account
             </summary>
        </member>
        <member name="M:Microsoft.VisualStudio.Services.Client.ClientResources.MicrosoftLogo_128xLG">
            <summary>
            Resources\MicrosoftLogo_128xLG.png;System.Drawing.Bitmap, System.Drawing, Version=4.0.0.0, Culture=neutral, PublicKeyToken=b03f5f7f11d50a3a
            </summary>
        </member>
        <member name="M:Microsoft.VisualStudio.Services.Client.ClientResources.VsAccountProviderWorkOrSchool">
            <summary>
            Work or school account
            </summary>
        </member>
        <member name="M:Microsoft.VisualStudio.Services.Client.ClientResources.VsAccountProviderUserNameCannotBeEmpty">
             <summary>
             When the username is empty
            
             User Name cannot be empty
             </summary>
        </member>
        <member name="M:Microsoft.VisualStudio.Services.Client.ClientResources.VsAccountProviderUnsupportedAccount">
             <summary>
             When the account's ProviderId doesn't match account provider's ID
            
             The account is not supported by the provider because its ProviderId doesn&apos;t match.
             </summary>
        </member>
        <member name="M:Microsoft.VisualStudio.Services.Client.ClientResources.VsAccountProviderSetAdalCacheInvalidOperation">
             <summary>
             When the SetAdalCache method on vsaccountprovider is called multiple times
            
             Cannot set ADAL cache multiple times.
             </summary>
        </member>
        <member name="M:Microsoft.VisualStudio.Services.Client.ClientResources.VsAccountProviderAccountNotFoundFromKey">
            <summary>
            Cannot find an account matching the account key
            </summary>
        </member>
        <member name="M:Microsoft.VisualStudio.Services.Client.ClientResources.UICredProvider_MessageText">
            <summary>
            Please provide credentials to connect.
            </summary>
        </member>
        <member name="M:Microsoft.VisualStudio.Services.Client.ClientResources.UICredProvider_TitleText(System.Object)">
            <summary>
            Connecting to {0}
            </summary>
        </member>
    </members>
</doc>
