{
  "name": "PartsUnlimitedE2E",
  "lastRelease": null,
  "path": "\\",
  "variables": {},
  "variableGroups": [],
  "environments": [
    {
      "name": "QA",
      "rank": 1,
      "owner": {
        "id": "$OwnerId$",
        "displayName": "$OwnerDisplayName$"

      },
      "variables": {
        "server": {
          "value": "localhost"
        },
        "siteName": {
          "value": "Default Web Site"
        }
      },
      "preDeployApprovals": {
        "approvals": [
          {
            "rank": 1,
            "isAutomated": true,
            "isNotificationOn": false,
            "approver": null
          }
        ]
      },
      "deployStep": {

      },
      "postDeployApprovals": {
        "approvals": [
          {
            "rank": 1,
            "isAutomated": true,
            "isNotificationOn": false,
            "approver": null
          }
        ]
      },
      "deployPhases": [
        {
          "deploymentInput": {
            "parallelExecution": {
              "parallelExecutionType": "none"
            },
            "skipArtifactsDownload": false,
            "timeoutInMinutes": 0,
            "queueId": "",
            "demands": [],
            "enableAccessToken": false,
            "clean": false,
            "cleanOptions": "source"
          },
          "rank": 1,
          "phaseType": "agentBasedDeployment",
          "name": "QA",
          "workflowTasks": [
            {
              "taskId": "bfc8bf76-e7ac-4a8c-9a55-a944a9f632fd",
              "version": "1.*",
              "name": "Run script $(System.DefaultWorkingDirectory)/PartsUnlimitedE2E/drop/PartsUnlimitedWebsite.deploy.cmd",
              "enabled": true,
              "alwaysRun": false,
              "continueOnError": false,
              "timeoutInMinutes": 0,
              "definitionType": "task",
              "inputs": {
                "filename": "$(System.DefaultWorkingDirectory)/PartsUnlimitedE2E/drop/PartsUnlimitedWebsite.deploy.cmd",
                "arguments": "/Y /M:$(server) \"-setParam:name='IIS Web Application Name',value='$(siteName)'\"",
                "modifyEnvironment": "false",
                "workingFolder": "",
                "failOnStandardError": "false"
              }
            },
            {
              "taskId": "d353d6a2-e361-4a8f-8d8c-123bebb71028",
              "version": "1.*",
              "name": "Run Tests **\\*test*.dll on test-qa-machines",
              "enabled": false,
              "alwaysRun": false,
              "continueOnError": false,
              "timeoutInMinutes": 0,
              "definitionType": "task",
              "inputs": {
                "testMachineGroup": "test-qa-machines",
                "dropLocation": "/drops",
                "testSelection": "testAssembly",
                "testPlan": "",
                "testSuite": "",
                "testConfiguration": "",
                "sourcefilters": "**\\*test*.dll",
                "testFilterCriteria": "",
                "runSettingsFile": "",
                "overrideRunParams": "",
                "codeCoverageEnabled": "false",
                "customSlicingEnabled": "false",
                "testRunTitle": "",
                "platform": "",
                "configuration": "",
                "testConfigurations": "",
                "autMachineGroup": ""
              }
            },
            {
              "taskId": "9648625c-1523-4eb5-b015-dfe7c685840c",
              "version": "1.*",
              "name": "Performance Test PartsUnlimited Test 2500VU",
              "enabled": false,
              "alwaysRun": false,
              "continueOnError": false,
              "timeoutInMinutes": 0,
              "definitionType": "task",
              "inputs": {
                "connectedServiceName": "",
                "websiteUrl": "partsunnlimiyted",
                "testName": "PartsUnlimited Test 2500VU",
                "vuLoad": "250",
                "runDuration": "60",
                "geoLocation": "Default",
                "machineType": "0",
                "avgResponseTimeThreshold": "0"
              }
            }
          ]
        }
      ],
      "environmentOptions": {
        "emailNotificationType": "OnlyOnFailure",
        "emailRecipients": "release.environment.owner;release.creator",
        "skipArtifactsDownload": false,
        "timeoutInMinutes": 0,
        "enableAccessToken": false
      },
      "demands": [],
      "queueId": "$Hosted$",
      "conditions": [
        {
          "name": "Production",
          "conditionType": "environmentState",
          "value": "4"
        }
      ],
      "executionPolicy": {
        "concurrencyCount": 0,
        "queueDepthCount": 0
      },
      "schedules": [],
      "retentionPolicy": {
        "daysToKeep": 30,
        "releasesToKeep": 3,
        "retainBuild": true
      }
    },
    {
      "name": "Production",
      "rank": 2,
      "owner": {
        "id": "$OwnerId$",
        "displayName": "$OwnerDisplayName$"

      },
      "variables": {
        "server": {
          "value": "localhost"
        },
        "siteName": {
          "value": "Default Web Site"
        }
      },
      "preDeployApprovals": {
        "approvals": [
          {
            "rank": 1,
            "isAutomated": true,
            "isNotificationOn": false,
            "approver": null
          }
        ]
      },
      "deployStep": {

      },
      "postDeployApprovals": {
        "approvals": [
          {
            "rank": 1,
            "isAutomated": true,
            "isNotificationOn": false,
            "approver": null
          }
        ]
      },
      "deployPhases": [
        {
          "deploymentInput": {
            "parallelExecution": {
              "parallelExecutionType": "none"
            },
            "skipArtifactsDownload": false,
            "timeoutInMinutes": 0,
            "queueId": "",
            "demands": [],
            "enableAccessToken": false,
            "clean": false,
            "cleanOptions": "source"
          },
          "rank": 1,
          "phaseType": "agentBasedDeployment",
          "name": "Production",
          "workflowTasks": [
            {
              "taskId": "bfc8bf76-e7ac-4a8c-9a55-a944a9f632fd",
              "version": "1.*",
              "name": "Run script $(System.DefaultWorkingDirectory)/PartsUnlimitedE2E/drop/PartsUnlimitedWebsite.deploy.cmd",
              "enabled": true,
              "alwaysRun": false,
              "continueOnError": false,
              "timeoutInMinutes": 0,
              "definitionType": "task",
              "inputs": {
                "filename": "$(System.DefaultWorkingDirectory)/PartsUnlimitedE2E/drop/PartsUnlimitedWebsite.deploy.cmd",
                "arguments": "/Y /M:$(server) \"-setParam:name='IIS Web Application Name',value='$(siteName)'\"",
                "modifyEnvironment": "false",
                "workingFolder": "",
                "failOnStandardError": "false"
              }
            }
          ]
        }
      ],
      "environmentOptions": {
        "emailNotificationType": "OnlyOnFailure",
        "emailRecipients": "release.environment.owner;release.creator",
        "skipArtifactsDownload": false,
        "timeoutInMinutes": 0,
        "enableAccessToken": false
      },
      "demands": [],
      "queueId": "$Hosted$",
      "conditions": [
        {
          "name": "ReleaseStarted",
          "conditionType": "event",
          "value": ""
        }
      ],
      "executionPolicy": {
        "concurrencyCount": 0,
        "queueDepthCount": 0
      },
      "schedules": [],
      "retentionPolicy": {
        "daysToKeep": 30,
        "releasesToKeep": 3,
        "retainBuild": true
      }
    }
  ],
  "artifacts": [
    {
      "sourceId": "$ProjectId$:$PartsUnlimitedE2E-id$",
      "type": "Build",
      "alias": "PartsUnlimitedE2E",
      "definitionReference": {
        "definition": {
          "id": "$PartsUnlimitedE2E-id$",
          "name": "PartsUnlimitedE2E"
        },
        "project": {
          "id": "$ProjectId$",
          "name": "$ProjectName$"
        }
      },
      "isPrimary": true
    }
  ],
  "triggers": [
    {
      "artifactAlias": "PartsUnlimitedE2E",
      "triggerType": "artifactSource"
    }
  ],
  "releaseNameFormat": "Release-$(rev:r)"
}